latitude,longitude,elevation,utc_offset_seconds,timezone,timezone_abbreviation
49.87,4.59,243.0,0,GMT,GMT

time,temperature_2m (°C),wind_speed_10m (kn),wind_direction_10m (°),pressure_msl (hPa),relative_humidity_2m (%)
2025-10-02T00:00,NaN,NaN,NaN,NaN,NaN
2025-10-02T01:00,NaN,NaN,NaN,NaN,NaN
2025-10-02T02:00,NaN,NaN,NaN,NaN,NaN
2025-10-02T03:00,NaN,NaN,NaN,NaN,NaN
2025-10-02T04:00,NaN,NaN,NaN,NaN,NaN
2025-10-02T05:00,NaN,NaN,NaN,NaN,NaN
2025-10-02T06:00,NaN,NaN,NaN,NaN,NaN
2025-10-02T07:00,NaN,NaN,NaN,NaN,NaN
2025-10-02T08:00,NaN,NaN,NaN,NaN,NaN
2025-10-02T09:00,NaN,NaN,NaN,NaN,NaN
2025-10-02T10:00,NaN,NaN,NaN,NaN,NaN
2025-10-02T11:00,NaN,NaN,NaN,NaN,NaN
2025-10-02T12:00,NaN,NaN,NaN,NaN,NaN
2025-10-02T13:00,NaN,NaN,NaN,NaN,NaN
2025-10-02T14:00,NaN,NaN,NaN,NaN,NaN
2025-10-02T15:00,NaN,NaN,NaN,NaN,NaN
2025-10-02T16:00,NaN,NaN,NaN,NaN,NaN
2025-10-02T17:00,NaN,NaN,NaN,NaN,NaN
2025-10-02T18:00,NaN,NaN,NaN,NaN,NaN
2025-10-02T19:00,NaN,NaN,NaN,NaN,NaN
2025-10-02T20:00,NaN,NaN,NaN,NaN,NaN
2025-10-02T21:00,NaN,NaN,NaN,NaN,NaN
2025-10-02T22:00,NaN,NaN,NaN,NaN,NaN
2025-10-02T23:00,NaN,NaN,NaN,NaN,NaN
2025-10-03T00:00,NaN,NaN,NaN,NaN,NaN
2025-10-03T01:00,NaN,NaN,NaN,NaN,NaN
2025-10-03T02:00,NaN,NaN,NaN,NaN,NaN
2025-10-03T03:00,NaN,NaN,NaN,NaN,NaN
2025-10-03T04:00,NaN,NaN,NaN,NaN,NaN
2025-10-03T05:00,NaN,NaN,NaN,NaN,NaN
2025-10-03T06:00,NaN,NaN,NaN,NaN,NaN
2025-10-03T07:00,NaN,NaN,NaN,NaN,NaN
2025-10-03T08:00,NaN,NaN,NaN,NaN,NaN
2025-10-03T09:00,NaN,NaN,NaN,NaN,NaN
2025-10-03T10:00,NaN,NaN,NaN,NaN,NaN
2025-10-03T11:00,NaN,NaN,NaN,NaN,NaN
2025-10-03T12:00,NaN,NaN,NaN,NaN,NaN
2025-10-03T13:00,NaN,NaN,NaN,NaN,NaN
2025-10-03T14:00,NaN,NaN,NaN,NaN,NaN
2025-10-03T15:00,NaN,NaN,NaN,NaN,NaN
2025-10-03T16:00,NaN,NaN,NaN,NaN,NaN
2025-10-03T17:00,NaN,NaN,NaN,NaN,NaN
2025-10-03T18:00,NaN,NaN,NaN,NaN,NaN
2025-10-03T19:00,NaN,NaN,NaN,NaN,NaN
2025-10-03T20:00,NaN,NaN,NaN,NaN,NaN
2025-10-03T21:00,NaN,NaN,NaN,NaN,NaN
2025-10-03T22:00,NaN,NaN,NaN,NaN,NaN
2025-10-03T23:00,NaN,NaN,NaN,NaN,NaN
2025-10-04T00:00,NaN,NaN,NaN,NaN,NaN
2025-10-04T01:00,NaN,NaN,NaN,NaN,NaN
2025-10-04T02:00,NaN,NaN,NaN,NaN,NaN
2025-10-04T03:00,NaN,NaN,NaN,NaN,NaN
2025-10-04T04:00,NaN,NaN,NaN,NaN,NaN
2025-10-04T05:00,NaN,NaN,NaN,NaN,NaN
2025-10-04T06:00,NaN,NaN,NaN,NaN,NaN
2025-10-04T07:00,NaN,NaN,NaN,NaN,NaN
2025-10-04T08:00,NaN,NaN,NaN,NaN,NaN
2025-10-04T09:00,NaN,NaN,NaN,NaN,NaN
2025-10-04T10:00,NaN,NaN,NaN,NaN,NaN
2025-10-04T11:00,NaN,NaN,NaN,NaN,NaN
2025-10-04T12:00,NaN,NaN,NaN,NaN,NaN
2025-10-04T13:00,NaN,NaN,NaN,NaN,NaN
2025-10-04T14:00,NaN,NaN,NaN,NaN,NaN
2025-10-04T15:00,NaN,NaN,NaN,NaN,NaN
2025-10-04T16:00,NaN,NaN,NaN,NaN,NaN
2025-10-04T17:00,NaN,NaN,NaN,NaN,NaN
2025-10-04T18:00,NaN,NaN,NaN,NaN,NaN
2025-10-04T19:00,NaN,NaN,NaN,NaN,NaN
2025-10-04T20:00,NaN,NaN,NaN,NaN,NaN
2025-10-04T21:00,NaN,NaN,NaN,NaN,NaN
2025-10-04T22:00,NaN,NaN,NaN,NaN,NaN
2025-10-04T23:00,NaN,NaN,NaN,NaN,NaN
2025-10-05T00:00,NaN,NaN,NaN,NaN,NaN
2025-10-05T01:00,NaN,NaN,NaN,NaN,NaN
2025-10-05T02:00,NaN,NaN,NaN,NaN,NaN
2025-10-05T03:00,NaN,NaN,NaN,NaN,NaN
2025-10-05T04:00,NaN,NaN,NaN,NaN,NaN
2025-10-05T05:00,NaN,NaN,NaN,NaN,NaN
2025-10-05T06:00,NaN,NaN,NaN,NaN,NaN
2025-10-05T07:00,NaN,NaN,NaN,NaN,NaN
2025-10-05T08:00,NaN,NaN,NaN,NaN,NaN
2025-10-05T09:00,NaN,NaN,NaN,NaN,NaN
2025-10-05T10:00,NaN,NaN,NaN,NaN,NaN
2025-10-05T11:00,NaN,NaN,NaN,NaN,NaN
2025-10-05T12:00,NaN,NaN,NaN,NaN,NaN
2025-10-05T13:00,NaN,NaN,NaN,NaN,NaN
2025-10-05T14:00,NaN,NaN,NaN,NaN,NaN
2025-10-05T15:00,NaN,NaN,NaN,NaN,NaN
2025-10-05T16:00,NaN,NaN,NaN,NaN,NaN
2025-10-05T17:00,NaN,NaN,NaN,NaN,NaN
2025-10-05T18:00,NaN,NaN,NaN,NaN,NaN
2025-10-05T19:00,NaN,NaN,NaN,NaN,NaN
2025-10-05T20:00,NaN,NaN,NaN,NaN,NaN
2025-10-05T21:00,NaN,NaN,NaN,NaN,NaN
2025-10-05T22:00,NaN,NaN,NaN,NaN,NaN
2025-10-05T23:00,NaN,NaN,NaN,NaN,NaN
2025-10-06T00:00,NaN,NaN,NaN,NaN,NaN
2025-10-06T01:00,NaN,NaN,NaN,NaN,NaN
2025-10-06T02:00,NaN,NaN,NaN,NaN,NaN
2025-10-06T03:00,NaN,NaN,NaN,NaN,NaN
2025-10-06T04:00,NaN,NaN,NaN,NaN,NaN
2025-10-06T05:00,NaN,NaN,NaN,NaN,NaN
2025-10-06T06:00,NaN,NaN,NaN,NaN,NaN
2025-10-06T07:00,NaN,NaN,NaN,NaN,NaN
2025-10-06T08:00,NaN,NaN,NaN,NaN,NaN
2025-10-06T09:00,NaN,NaN,NaN,NaN,NaN
2025-10-06T10:00,NaN,NaN,NaN,NaN,NaN
2025-10-06T11:00,NaN,NaN,NaN,NaN,NaN
2025-10-06T12:00,NaN,NaN,NaN,NaN,NaN
2025-10-06T13:00,NaN,NaN,NaN,NaN,NaN
2025-10-06T14:00,NaN,NaN,NaN,NaN,NaN
2025-10-06T15:00,NaN,NaN,NaN,NaN,NaN
2025-10-06T16:00,NaN,NaN,NaN,NaN,NaN
2025-10-06T17:00,NaN,NaN,NaN,NaN,NaN
2025-10-06T18:00,NaN,NaN,NaN,NaN,NaN
2025-10-06T19:00,NaN,NaN,NaN,NaN,NaN
2025-10-06T20:00,NaN,NaN,NaN,NaN,NaN
2025-10-06T21:00,NaN,NaN,NaN,NaN,NaN
2025-10-06T22:00,NaN,NaN,NaN,NaN,NaN
2025-10-06T23:00,NaN,NaN,NaN,NaN,NaN
2025-10-07T00:00,NaN,NaN,NaN,NaN,NaN
2025-10-07T01:00,NaN,NaN,NaN,NaN,NaN
2025-10-07T02:00,NaN,NaN,NaN,NaN,NaN
2025-10-07T03:00,NaN,NaN,NaN,NaN,NaN
2025-10-07T04:00,NaN,NaN,NaN,NaN,NaN
2025-10-07T05:00,NaN,NaN,NaN,NaN,NaN
2025-10-07T06:00,NaN,NaN,NaN,NaN,NaN
2025-10-07T07:00,NaN,NaN,NaN,NaN,NaN
2025-10-07T08:00,NaN,NaN,NaN,NaN,NaN
2025-10-07T09:00,NaN,NaN,NaN,NaN,NaN
2025-10-07T10:00,NaN,NaN,NaN,NaN,NaN
2025-10-07T11:00,NaN,NaN,NaN,NaN,NaN
2025-10-07T12:00,NaN,NaN,NaN,NaN,NaN
2025-10-07T13:00,NaN,NaN,NaN,NaN,NaN
2025-10-07T14:00,NaN,NaN,NaN,NaN,NaN
2025-10-07T15:00,NaN,NaN,NaN,NaN,NaN
2025-10-07T16:00,NaN,NaN,NaN,NaN,NaN
2025-10-07T17:00,NaN,NaN,NaN,NaN,NaN
2025-10-07T18:00,NaN,NaN,NaN,NaN,NaN
2025-10-07T19:00,NaN,NaN,NaN,NaN,NaN
2025-10-07T20:00,NaN,NaN,NaN,NaN,NaN
2025-10-07T21:00,NaN,NaN,NaN,NaN,NaN
2025-10-07T22:00,NaN,NaN,NaN,NaN,NaN
2025-10-07T23:00,NaN,NaN,NaN,NaN,NaN
2025-10-08T00:00,NaN,NaN,NaN,NaN,NaN
2025-10-08T01:00,NaN,NaN,NaN,NaN,NaN
2025-10-08T02:00,NaN,NaN,NaN,NaN,NaN
2025-10-08T03:00,NaN,NaN,NaN,NaN,NaN
2025-10-08T04:00,NaN,NaN,NaN,NaN,NaN
2025-10-08T05:00,NaN,NaN,NaN,NaN,NaN
2025-10-08T06:00,NaN,NaN,NaN,NaN,NaN
2025-10-08T07:00,NaN,NaN,NaN,NaN,NaN
2025-10-08T08:00,NaN,NaN,NaN,NaN,NaN
2025-10-08T09:00,NaN,NaN,NaN,NaN,NaN
2025-10-08T10:00,NaN,NaN,NaN,NaN,NaN
2025-10-08T11:00,NaN,NaN,NaN,NaN,NaN
2025-10-08T12:00,NaN,NaN,NaN,NaN,NaN
2025-10-08T13:00,NaN,NaN,NaN,NaN,NaN
2025-10-08T14:00,NaN,NaN,NaN,NaN,NaN
2025-10-08T15:00,NaN,NaN,NaN,NaN,NaN
2025-10-08T16:00,NaN,NaN,NaN,NaN,NaN
2025-10-08T17:00,NaN,NaN,NaN,NaN,NaN
2025-10-08T18:00,NaN,NaN,NaN,NaN,NaN
2025-10-08T19:00,NaN,NaN,NaN,NaN,NaN
2025-10-08T20:00,NaN,NaN,NaN,NaN,NaN
2025-10-08T21:00,NaN,NaN,NaN,NaN,NaN
2025-10-08T22:00,NaN,NaN,NaN,NaN,NaN
2025-10-08T23:00,NaN,NaN,NaN,NaN,NaN
2025-10-09T00:00,NaN,NaN,NaN,NaN,NaN
2025-10-09T01:00,NaN,NaN,NaN,NaN,NaN
2025-10-09T02:00,NaN,NaN,NaN,NaN,NaN
2025-10-09T03:00,NaN,NaN,NaN,NaN,NaN
2025-10-09T04:00,NaN,NaN,NaN,NaN,NaN
2025-10-09T05:00,NaN,NaN,NaN,NaN,NaN
2025-10-09T06:00,NaN,NaN,NaN,NaN,NaN
2025-10-09T07:00,NaN,NaN,NaN,NaN,NaN
2025-10-09T08:00,NaN,NaN,NaN,NaN,NaN
2025-10-09T09:00,NaN,NaN,NaN,NaN,NaN
2025-10-09T10:00,NaN,NaN,NaN,NaN,NaN
2025-10-09T11:00,NaN,NaN,NaN,NaN,NaN
2025-10-09T12:00,NaN,NaN,NaN,NaN,NaN
2025-10-09T13:00,NaN,NaN,NaN,NaN,NaN
2025-10-09T14:00,NaN,NaN,NaN,NaN,NaN
2025-10-09T15:00,NaN,NaN,NaN,NaN,NaN
2025-10-09T16:00,NaN,NaN,NaN,NaN,NaN
2025-10-09T17:00,NaN,NaN,NaN,NaN,NaN
2025-10-09T18:00,NaN,NaN,NaN,NaN,NaN
2025-10-09T19:00,NaN,NaN,NaN,NaN,NaN
2025-10-09T20:00,NaN,NaN,NaN,NaN,NaN
2025-10-09T21:00,NaN,NaN,NaN,NaN,NaN
2025-10-09T22:00,NaN,NaN,NaN,NaN,NaN
2025-10-09T23:00,NaN,NaN,NaN,NaN,NaN
2025-10-10T00:00,NaN,NaN,NaN,NaN,NaN
2025-10-10T01:00,NaN,NaN,NaN,NaN,NaN
2025-10-10T02:00,NaN,NaN,NaN,NaN,NaN
2025-10-10T03:00,NaN,NaN,NaN,NaN,NaN
2025-10-10T04:00,NaN,NaN,NaN,NaN,NaN
2025-10-10T05:00,NaN,NaN,NaN,NaN,NaN
2025-10-10T06:00,NaN,NaN,NaN,NaN,NaN
2025-10-10T07:00,NaN,NaN,NaN,NaN,NaN
2025-10-10T08:00,NaN,NaN,NaN,NaN,NaN
2025-10-10T09:00,NaN,NaN,NaN,NaN,NaN
2025-10-10T10:00,NaN,NaN,NaN,NaN,NaN
2025-10-10T11:00,NaN,NaN,NaN,NaN,NaN
2025-10-10T12:00,NaN,NaN,NaN,NaN,NaN
2025-10-10T13:00,NaN,NaN,NaN,NaN,NaN
2025-10-10T14:00,NaN,NaN,NaN,NaN,NaN
2025-10-10T15:00,NaN,NaN,NaN,NaN,NaN
2025-10-10T16:00,NaN,NaN,NaN,NaN,NaN
2025-10-10T17:00,NaN,NaN,NaN,NaN,NaN
2025-10-10T18:00,NaN,NaN,NaN,NaN,NaN
2025-10-10T19:00,NaN,NaN,NaN,NaN,NaN
2025-10-10T20:00,NaN,NaN,NaN,NaN,NaN
2025-10-10T21:00,NaN,NaN,NaN,NaN,NaN
2025-10-10T22:00,NaN,NaN,NaN,NaN,NaN
2025-10-10T23:00,NaN,NaN,NaN,NaN,NaN
2025-10-11T00:00,NaN,NaN,NaN,NaN,NaN
2025-10-11T01:00,NaN,NaN,NaN,NaN,NaN
2025-10-11T02:00,NaN,NaN,NaN,NaN,NaN
2025-10-11T03:00,NaN,NaN,NaN,NaN,NaN
2025-10-11T04:00,NaN,NaN,NaN,NaN,NaN
2025-10-11T05:00,NaN,NaN,NaN,NaN,NaN
2025-10-11T06:00,NaN,NaN,NaN,NaN,NaN
2025-10-11T07:00,NaN,NaN,NaN,NaN,NaN
2025-10-11T08:00,NaN,NaN,NaN,NaN,NaN
2025-10-11T09:00,NaN,NaN,NaN,NaN,NaN
2025-10-11T10:00,NaN,NaN,NaN,NaN,NaN
2025-10-11T11:00,NaN,NaN,NaN,NaN,NaN
2025-10-11T12:00,NaN,NaN,NaN,NaN,NaN
2025-10-11T13:00,NaN,NaN,NaN,NaN,NaN
2025-10-11T14:00,NaN,NaN,NaN,NaN,NaN
2025-10-11T15:00,NaN,NaN,NaN,NaN,NaN
2025-10-11T16:00,NaN,NaN,NaN,NaN,NaN
2025-10-11T17:00,NaN,NaN,NaN,NaN,NaN
2025-10-11T18:00,NaN,NaN,NaN,NaN,NaN
2025-10-11T19:00,NaN,NaN,NaN,NaN,NaN
2025-10-11T20:00,NaN,NaN,NaN,NaN,NaN
2025-10-11T21:00,NaN,NaN,NaN,NaN,NaN
2025-10-11T22:00,NaN,NaN,NaN,NaN,NaN
2025-10-11T23:00,NaN,NaN,NaN,NaN,NaN
2025-10-12T00:00,NaN,NaN,NaN,NaN,NaN
2025-10-12T01:00,NaN,NaN,NaN,NaN,NaN
2025-10-12T02:00,NaN,NaN,NaN,NaN,NaN
2025-10-12T03:00,NaN,NaN,NaN,NaN,NaN
2025-10-12T04:00,NaN,NaN,NaN,NaN,NaN
2025-10-12T05:00,NaN,NaN,NaN,NaN,NaN
2025-10-12T06:00,NaN,NaN,NaN,NaN,NaN
2025-10-12T07:00,NaN,NaN,NaN,NaN,NaN
2025-10-12T08:00,NaN,NaN,NaN,NaN,NaN
2025-10-12T09:00,NaN,NaN,NaN,NaN,NaN
2025-10-12T10:00,NaN,NaN,NaN,NaN,NaN
2025-10-12T11:00,NaN,NaN,NaN,NaN,NaN
2025-10-12T12:00,NaN,NaN,NaN,NaN,NaN
2025-10-12T13:00,NaN,NaN,NaN,NaN,NaN
2025-10-12T14:00,NaN,NaN,NaN,NaN,NaN
2025-10-12T15:00,NaN,NaN,NaN,NaN,NaN
2025-10-12T16:00,NaN,NaN,NaN,NaN,NaN
2025-10-12T17:00,NaN,NaN,NaN,NaN,NaN
2025-10-12T18:00,NaN,NaN,NaN,NaN,NaN
2025-10-12T19:00,NaN,NaN,NaN,NaN,NaN
2025-10-12T20:00,NaN,NaN,NaN,NaN,NaN
2025-10-12T21:00,NaN,NaN,NaN,NaN,NaN
2025-10-12T22:00,NaN,NaN,NaN,NaN,NaN
2025-10-12T23:00,NaN,NaN,NaN,NaN,NaN
2025-10-13T00:00,NaN,NaN,NaN,NaN,NaN
2025-10-13T01:00,NaN,NaN,NaN,NaN,NaN
2025-10-13T02:00,NaN,NaN,NaN,NaN,NaN
2025-10-13T03:00,NaN,NaN,NaN,NaN,NaN
2025-10-13T04:00,NaN,NaN,NaN,NaN,NaN
2025-10-13T05:00,NaN,NaN,NaN,NaN,NaN
2025-10-13T06:00,NaN,NaN,NaN,NaN,NaN
2025-10-13T07:00,NaN,NaN,NaN,NaN,NaN
2025-10-13T08:00,NaN,NaN,NaN,NaN,NaN
2025-10-13T09:00,NaN,NaN,NaN,NaN,NaN
2025-10-13T10:00,NaN,NaN,NaN,NaN,NaN
2025-10-13T11:00,NaN,NaN,NaN,NaN,NaN
2025-10-13T12:00,NaN,NaN,NaN,NaN,NaN
2025-10-13T13:00,NaN,NaN,NaN,NaN,NaN
2025-10-13T14:00,NaN,NaN,NaN,NaN,NaN
2025-10-13T15:00,NaN,NaN,NaN,NaN,NaN
2025-10-13T16:00,NaN,NaN,NaN,NaN,NaN
2025-10-13T17:00,NaN,NaN,NaN,NaN,NaN
2025-10-13T18:00,NaN,NaN,NaN,NaN,NaN
2025-10-13T19:00,NaN,NaN,NaN,NaN,NaN
2025-10-13T20:00,NaN,NaN,NaN,NaN,NaN
2025-10-13T21:00,NaN,NaN,NaN,NaN,NaN
2025-10-13T22:00,NaN,NaN,NaN,NaN,NaN
2025-10-13T23:00,NaN,NaN,NaN,NaN,NaN
2025-10-14T00:00,NaN,NaN,NaN,NaN,NaN
2025-10-14T01:00,NaN,NaN,NaN,NaN,NaN
2025-10-14T02:00,NaN,NaN,NaN,NaN,NaN
2025-10-14T03:00,NaN,NaN,NaN,NaN,NaN
2025-10-14T04:00,NaN,NaN,NaN,NaN,NaN
2025-10-14T05:00,NaN,NaN,NaN,NaN,NaN
2025-10-14T06:00,NaN,NaN,NaN,NaN,NaN
2025-10-14T07:00,NaN,NaN,NaN,NaN,NaN
2025-10-14T08:00,NaN,NaN,NaN,NaN,NaN
2025-10-14T09:00,NaN,NaN,NaN,NaN,NaN
2025-10-14T10:00,NaN,NaN,NaN,NaN,NaN
2025-10-14T11:00,NaN,NaN,NaN,NaN,NaN
2025-10-14T12:00,NaN,NaN,NaN,NaN,NaN
2025-10-14T13:00,NaN,NaN,NaN,NaN,NaN
2025-10-14T14:00,NaN,NaN,NaN,NaN,NaN
2025-10-14T15:00,NaN,NaN,NaN,NaN,NaN
2025-10-14T16:00,NaN,NaN,NaN,NaN,NaN
2025-10-14T17:00,NaN,NaN,NaN,NaN,NaN
2025-10-14T18:00,NaN,NaN,NaN,NaN,NaN
2025-10-14T19:00,NaN,NaN,NaN,NaN,NaN
2025-10-14T20:00,NaN,NaN,NaN,NaN,NaN
2025-10-14T21:00,NaN,NaN,NaN,NaN,NaN
2025-10-14T22:00,NaN,NaN,NaN,NaN,NaN
2025-10-14T23:00,NaN,NaN,NaN,NaN,NaN
2025-10-15T00:00,NaN,NaN,NaN,NaN,NaN
2025-10-15T01:00,NaN,NaN,NaN,NaN,NaN
2025-10-15T02:00,NaN,NaN,NaN,NaN,NaN
2025-10-15T03:00,NaN,NaN,NaN,NaN,NaN
2025-10-15T04:00,NaN,NaN,NaN,NaN,NaN
2025-10-15T05:00,NaN,NaN,NaN,NaN,NaN
2025-10-15T06:00,NaN,NaN,NaN,NaN,NaN
2025-10-15T07:00,NaN,NaN,NaN,NaN,NaN
2025-10-15T08:00,NaN,NaN,NaN,NaN,NaN
2025-10-15T09:00,NaN,NaN,NaN,NaN,NaN
2025-10-15T10:00,NaN,NaN,NaN,NaN,NaN
2025-10-15T11:00,NaN,NaN,NaN,NaN,NaN
2025-10-15T12:00,NaN,NaN,NaN,NaN,NaN
2025-10-15T13:00,NaN,NaN,NaN,NaN,NaN
2025-10-15T14:00,NaN,NaN,NaN,NaN,NaN
2025-10-15T15:00,NaN,NaN,NaN,NaN,NaN
2025-10-15T16:00,NaN,NaN,NaN,NaN,NaN
2025-10-15T17:00,NaN,NaN,NaN,NaN,NaN
2025-10-15T18:00,NaN,NaN,NaN,NaN,NaN
2025-10-15T19:00,NaN,NaN,NaN,NaN,NaN
2025-10-15T20:00,NaN,NaN,NaN,NaN,NaN
2025-10-15T21:00,NaN,NaN,NaN,NaN,NaN
2025-10-15T22:00,NaN,NaN,NaN,NaN,NaN
2025-10-15T23:00,NaN,NaN,NaN,NaN,NaN
2025-10-16T00:00,NaN,NaN,NaN,NaN,NaN
2025-10-16T01:00,NaN,NaN,NaN,NaN,NaN
2025-10-16T02:00,NaN,NaN,NaN,NaN,NaN
2025-10-16T03:00,NaN,NaN,NaN,NaN,NaN
2025-10-16T04:00,NaN,NaN,NaN,NaN,NaN
2025-10-16T05:00,NaN,NaN,NaN,NaN,NaN
2025-10-16T06:00,NaN,NaN,NaN,NaN,NaN
2025-10-16T07:00,NaN,NaN,NaN,NaN,NaN
2025-10-16T08:00,NaN,NaN,NaN,NaN,NaN
2025-10-16T09:00,NaN,NaN,NaN,NaN,NaN
2025-10-16T10:00,NaN,NaN,NaN,NaN,NaN
2025-10-16T11:00,NaN,NaN,NaN,NaN,NaN
2025-10-16T12:00,NaN,NaN,NaN,NaN,NaN
2025-10-16T13:00,NaN,NaN,NaN,NaN,NaN
2025-10-16T14:00,NaN,NaN,NaN,NaN,NaN
2025-10-16T15:00,NaN,NaN,NaN,NaN,NaN
2025-10-16T16:00,NaN,NaN,NaN,NaN,NaN
2025-10-16T17:00,NaN,NaN,NaN,NaN,NaN
2025-10-16T18:00,NaN,NaN,NaN,NaN,NaN
2025-10-16T19:00,NaN,NaN,NaN,NaN,NaN
2025-10-16T20:00,NaN,NaN,NaN,NaN,NaN
2025-10-16T21:00,NaN,NaN,NaN,NaN,NaN
2025-10-16T22:00,NaN,NaN,NaN,NaN,NaN
2025-10-16T23:00,NaN,NaN,NaN,NaN,NaN
2025-10-17T00:00,NaN,NaN,NaN,NaN,NaN
2025-10-17T01:00,NaN,NaN,NaN,NaN,NaN
2025-10-17T02:00,NaN,NaN,NaN,NaN,NaN
2025-10-17T03:00,NaN,NaN,NaN,NaN,NaN
2025-10-17T04:00,NaN,NaN,NaN,NaN,NaN
2025-10-17T05:00,NaN,NaN,NaN,NaN,NaN
2025-10-17T06:00,NaN,NaN,NaN,NaN,NaN
2025-10-17T07:00,NaN,NaN,NaN,NaN,NaN
2025-10-17T08:00,NaN,NaN,NaN,NaN,NaN
2025-10-17T09:00,NaN,NaN,NaN,NaN,NaN
2025-10-17T10:00,NaN,NaN,NaN,NaN,NaN
2025-10-17T11:00,NaN,NaN,NaN,NaN,NaN
2025-10-17T12:00,NaN,NaN,NaN,NaN,NaN
2025-10-17T13:00,NaN,NaN,NaN,NaN,NaN
2025-10-17T14:00,NaN,NaN,NaN,NaN,NaN
2025-10-17T15:00,NaN,NaN,NaN,NaN,NaN
2025-10-17T16:00,NaN,NaN,NaN,NaN,NaN
2025-10-17T17:00,NaN,NaN,NaN,NaN,NaN
2025-10-17T18:00,NaN,NaN,NaN,NaN,NaN
2025-10-17T19:00,NaN,NaN,NaN,NaN,NaN
2025-10-17T20:00,NaN,NaN,NaN,NaN,NaN
2025-10-17T21:00,NaN,NaN,NaN,NaN,NaN
2025-10-17T22:00,NaN,NaN,NaN,NaN,NaN
2025-10-17T23:00,NaN,NaN,NaN,NaN,NaN
2025-10-18T00:00,NaN,NaN,NaN,NaN,NaN
2025-10-18T01:00,NaN,NaN,NaN,NaN,NaN
2025-10-18T02:00,NaN,NaN,NaN,NaN,NaN
2025-10-18T03:00,NaN,NaN,NaN,NaN,NaN
2025-10-18T04:00,NaN,NaN,NaN,NaN,NaN
2025-10-18T05:00,NaN,NaN,NaN,NaN,NaN
2025-10-18T06:00,NaN,NaN,NaN,NaN,NaN
2025-10-18T07:00,NaN,NaN,NaN,NaN,NaN
2025-10-18T08:00,NaN,NaN,NaN,NaN,NaN
2025-10-18T09:00,NaN,NaN,NaN,NaN,NaN
2025-10-18T10:00,NaN,NaN,NaN,NaN,NaN
2025-10-18T11:00,NaN,NaN,NaN,NaN,NaN
2025-10-18T12:00,NaN,NaN,NaN,NaN,NaN
2025-10-18T13:00,NaN,NaN,NaN,NaN,NaN
2025-10-18T14:00,NaN,NaN,NaN,NaN,NaN
2025-10-18T15:00,NaN,NaN,NaN,NaN,NaN
2025-10-18T16:00,NaN,NaN,NaN,NaN,NaN
2025-10-18T17:00,NaN,NaN,NaN,NaN,NaN
2025-10-18T18:00,NaN,NaN,NaN,NaN,NaN
2025-10-18T19:00,NaN,NaN,NaN,NaN,NaN
2025-10-18T20:00,NaN,NaN,NaN,NaN,NaN
2025-10-18T21:00,NaN,NaN,NaN,NaN,NaN
2025-10-18T22:00,NaN,NaN,NaN,NaN,NaN
2025-10-18T23:00,NaN,NaN,NaN,NaN,NaN
2025-10-19T00:00,NaN,NaN,NaN,NaN,NaN
2025-10-19T01:00,NaN,NaN,NaN,NaN,NaN
2025-10-19T02:00,NaN,NaN,NaN,NaN,NaN
2025-10-19T03:00,NaN,NaN,NaN,NaN,NaN
2025-10-19T04:00,NaN,NaN,NaN,NaN,NaN
2025-10-19T05:00,NaN,NaN,NaN,NaN,NaN
2025-10-19T06:00,NaN,NaN,NaN,NaN,NaN
2025-10-19T07:00,NaN,NaN,NaN,NaN,NaN
2025-10-19T08:00,NaN,NaN,NaN,NaN,NaN
2025-10-19T09:00,NaN,NaN,NaN,NaN,NaN
2025-10-19T10:00,NaN,NaN,NaN,NaN,NaN
2025-10-19T11:00,NaN,NaN,NaN,NaN,NaN
2025-10-19T12:00,NaN,NaN,NaN,NaN,NaN
2025-10-19T13:00,NaN,NaN,NaN,NaN,NaN
2025-10-19T14:00,NaN,NaN,NaN,NaN,NaN
2025-10-19T15:00,NaN,NaN,NaN,NaN,NaN
2025-10-19T16:00,NaN,NaN,NaN,NaN,NaN
2025-10-19T17:00,NaN,NaN,NaN,NaN,NaN
2025-10-19T18:00,NaN,NaN,NaN,NaN,NaN
2025-10-19T19:00,NaN,NaN,NaN,NaN,NaN
2025-10-19T20:00,NaN,NaN,NaN,NaN,NaN
2025-10-19T21:00,NaN,NaN,NaN,NaN,NaN
2025-10-19T22:00,NaN,NaN,NaN,NaN,NaN
2025-10-19T23:00,NaN,NaN,NaN,NaN,NaN
2025-10-20T00:00,NaN,NaN,NaN,NaN,NaN
2025-10-20T01:00,NaN,NaN,NaN,NaN,NaN
2025-10-20T02:00,NaN,NaN,NaN,NaN,NaN
2025-10-20T03:00,NaN,NaN,NaN,NaN,NaN
2025-10-20T04:00,NaN,NaN,NaN,NaN,NaN
2025-10-20T05:00,NaN,NaN,NaN,NaN,NaN
2025-10-20T06:00,NaN,NaN,NaN,NaN,NaN
2025-10-20T07:00,NaN,NaN,NaN,NaN,NaN
2025-10-20T08:00,NaN,NaN,NaN,NaN,NaN
2025-10-20T09:00,NaN,NaN,NaN,NaN,NaN
2025-10-20T10:00,NaN,NaN,NaN,NaN,NaN
2025-10-20T11:00,NaN,NaN,NaN,NaN,NaN
2025-10-20T12:00,NaN,NaN,NaN,NaN,NaN
2025-10-20T13:00,NaN,NaN,NaN,NaN,NaN
2025-10-20T14:00,NaN,NaN,NaN,NaN,NaN
2025-10-20T15:00,NaN,NaN,NaN,NaN,NaN
2025-10-20T16:00,NaN,NaN,NaN,NaN,NaN
2025-10-20T17:00,NaN,NaN,NaN,NaN,NaN
2025-10-20T18:00,NaN,NaN,NaN,NaN,NaN
2025-10-20T19:00,NaN,NaN,NaN,NaN,NaN
2025-10-20T20:00,NaN,NaN,NaN,NaN,NaN
2025-10-20T21:00,NaN,NaN,NaN,NaN,NaN
2025-10-20T22:00,NaN,NaN,NaN,NaN,NaN
2025-10-20T23:00,NaN,NaN,NaN,NaN,NaN
2025-10-21T00:00,NaN,NaN,NaN,NaN,NaN
2025-10-21T01:00,NaN,NaN,NaN,NaN,NaN
2025-10-21T02:00,NaN,NaN,NaN,NaN,NaN
2025-10-21T03:00,NaN,NaN,NaN,NaN,NaN
2025-10-21T04:00,NaN,NaN,NaN,NaN,NaN
2025-10-21T05:00,NaN,NaN,NaN,NaN,NaN
2025-10-21T06:00,NaN,NaN,NaN,NaN,NaN
2025-10-21T07:00,NaN,NaN,NaN,NaN,NaN
2025-10-21T08:00,NaN,NaN,NaN,NaN,NaN
2025-10-21T09:00,NaN,NaN,NaN,NaN,NaN
2025-10-21T10:00,NaN,NaN,NaN,NaN,NaN
2025-10-21T11:00,NaN,NaN,NaN,NaN,NaN
2025-10-21T12:00,NaN,NaN,NaN,NaN,NaN
2025-10-21T13:00,NaN,NaN,NaN,NaN,NaN
2025-10-21T14:00,NaN,NaN,NaN,NaN,NaN
2025-10-21T15:00,NaN,NaN,NaN,NaN,NaN
2025-10-21T16:00,NaN,NaN,NaN,NaN,NaN
2025-10-21T17:00,NaN,NaN,NaN,NaN,NaN
2025-10-21T18:00,NaN,NaN,NaN,NaN,NaN
2025-10-21T19:00,NaN,NaN,NaN,NaN,NaN
2025-10-21T20:00,NaN,NaN,NaN,NaN,NaN
2025-10-21T21:00,NaN,NaN,NaN,NaN,NaN
2025-10-21T22:00,NaN,NaN,NaN,NaN,NaN
2025-10-21T23:00,NaN,NaN,NaN,NaN,NaN
2025-10-22T00:00,NaN,NaN,NaN,NaN,NaN
2025-10-22T01:00,NaN,NaN,NaN,NaN,NaN
2025-10-22T02:00,NaN,NaN,NaN,NaN,NaN
2025-10-22T03:00,NaN,NaN,NaN,NaN,NaN
2025-10-22T04:00,NaN,NaN,NaN,NaN,NaN
2025-10-22T05:00,NaN,NaN,NaN,NaN,NaN
2025-10-22T06:00,NaN,NaN,NaN,NaN,NaN
2025-10-22T07:00,NaN,NaN,NaN,NaN,NaN
2025-10-22T08:00,NaN,NaN,NaN,NaN,NaN
2025-10-22T09:00,NaN,NaN,NaN,NaN,NaN
2025-10-22T10:00,NaN,NaN,NaN,NaN,NaN
2025-10-22T11:00,NaN,NaN,NaN,NaN,NaN
2025-10-22T12:00,NaN,NaN,NaN,NaN,NaN
2025-10-22T13:00,NaN,NaN,NaN,NaN,NaN
2025-10-22T14:00,NaN,NaN,NaN,NaN,NaN
2025-10-22T15:00,NaN,NaN,NaN,NaN,NaN
2025-10-22T16:00,NaN,NaN,NaN,NaN,NaN
2025-10-22T17:00,NaN,NaN,NaN,NaN,NaN
2025-10-22T18:00,NaN,NaN,NaN,NaN,NaN
2025-10-22T19:00,NaN,NaN,NaN,NaN,NaN
2025-10-22T20:00,NaN,NaN,NaN,NaN,NaN
2025-10-22T21:00,NaN,NaN,NaN,NaN,NaN
2025-10-22T22:00,NaN,NaN,NaN,NaN,NaN
2025-10-22T23:00,NaN,NaN,NaN,NaN,NaN
2025-10-23T00:00,NaN,NaN,NaN,NaN,NaN
2025-10-23T01:00,NaN,NaN,NaN,NaN,NaN
2025-10-23T02:00,NaN,NaN,NaN,NaN,NaN
2025-10-23T03:00,NaN,NaN,NaN,NaN,NaN
2025-10-23T04:00,NaN,NaN,NaN,NaN,NaN
2025-10-23T05:00,NaN,NaN,NaN,NaN,NaN
2025-10-23T06:00,NaN,NaN,NaN,NaN,NaN
2025-10-23T07:00,NaN,NaN,NaN,NaN,NaN
2025-10-23T08:00,NaN,NaN,NaN,NaN,NaN
2025-10-23T09:00,NaN,NaN,NaN,NaN,NaN
2025-10-23T10:00,NaN,NaN,NaN,NaN,NaN
2025-10-23T11:00,NaN,NaN,NaN,NaN,NaN
2025-10-23T12:00,NaN,NaN,NaN,NaN,NaN
2025-10-23T13:00,NaN,NaN,NaN,NaN,NaN
2025-10-23T14:00,NaN,NaN,NaN,NaN,NaN
2025-10-23T15:00,NaN,NaN,NaN,NaN,NaN
2025-10-23T16:00,NaN,NaN,NaN,NaN,NaN
2025-10-23T17:00,NaN,NaN,NaN,NaN,NaN
2025-10-23T18:00,NaN,NaN,NaN,NaN,NaN
2025-10-23T19:00,NaN,NaN,NaN,NaN,NaN
2025-10-23T20:00,NaN,NaN,NaN,NaN,NaN
2025-10-23T21:00,NaN,NaN,NaN,NaN,NaN
2025-10-23T22:00,NaN,NaN,NaN,NaN,NaN
2025-10-23T23:00,NaN,NaN,NaN,NaN,NaN
2025-10-24T00:00,NaN,NaN,NaN,NaN,NaN
2025-10-24T01:00,NaN,NaN,NaN,NaN,NaN
2025-10-24T02:00,NaN,NaN,NaN,NaN,NaN
2025-10-24T03:00,NaN,NaN,NaN,NaN,NaN
2025-10-24T04:00,NaN,NaN,NaN,NaN,NaN
2025-10-24T05:00,NaN,NaN,NaN,NaN,NaN
2025-10-24T06:00,NaN,NaN,NaN,NaN,NaN
2025-10-24T07:00,NaN,NaN,NaN,NaN,NaN
2025-10-24T08:00,NaN,NaN,NaN,NaN,NaN
2025-10-24T09:00,NaN,NaN,NaN,NaN,NaN
2025-10-24T10:00,NaN,NaN,NaN,NaN,NaN
2025-10-24T11:00,NaN,NaN,NaN,NaN,NaN
2025-10-24T12:00,NaN,NaN,NaN,NaN,NaN
2025-10-24T13:00,NaN,NaN,NaN,NaN,NaN
2025-10-24T14:00,NaN,NaN,NaN,NaN,NaN
2025-10-24T15:00,NaN,NaN,NaN,NaN,NaN
2025-10-24T16:00,NaN,NaN,NaN,NaN,NaN
2025-10-24T17:00,NaN,NaN,NaN,NaN,NaN
2025-10-24T18:00,NaN,NaN,NaN,NaN,NaN
2025-10-24T19:00,NaN,NaN,NaN,NaN,NaN
2025-10-24T20:00,NaN,NaN,NaN,NaN,NaN
2025-10-24T21:00,NaN,NaN,NaN,NaN,NaN
2025-10-24T22:00,NaN,NaN,NaN,NaN,NaN
2025-10-24T23:00,NaN,NaN,NaN,NaN,NaN
2025-10-25T00:00,NaN,NaN,NaN,NaN,NaN
2025-10-25T01:00,NaN,NaN,NaN,NaN,NaN
2025-10-25T02:00,NaN,NaN,NaN,NaN,NaN
2025-10-25T03:00,NaN,NaN,NaN,NaN,NaN
2025-10-25T04:00,NaN,NaN,NaN,NaN,NaN
2025-10-25T05:00,NaN,NaN,NaN,NaN,NaN
2025-10-25T06:00,NaN,NaN,NaN,NaN,NaN
2025-10-25T07:00,NaN,NaN,NaN,NaN,NaN
2025-10-25T08:00,NaN,NaN,NaN,NaN,NaN
2025-10-25T09:00,NaN,NaN,NaN,NaN,NaN
2025-10-25T10:00,NaN,NaN,NaN,NaN,NaN
2025-10-25T11:00,NaN,NaN,NaN,NaN,NaN
2025-10-25T12:00,NaN,NaN,NaN,NaN,NaN
2025-10-25T13:00,NaN,NaN,NaN,NaN,NaN
2025-10-25T14:00,NaN,NaN,NaN,NaN,NaN
2025-10-25T15:00,NaN,NaN,NaN,NaN,NaN
2025-10-25T16:00,NaN,NaN,NaN,NaN,NaN
2025-10-25T17:00,NaN,NaN,NaN,NaN,NaN
2025-10-25T18:00,NaN,NaN,NaN,NaN,NaN
2025-10-25T19:00,NaN,NaN,NaN,NaN,NaN
2025-10-25T20:00,NaN,NaN,NaN,NaN,NaN
2025-10-25T21:00,NaN,NaN,NaN,NaN,NaN
2025-10-25T22:00,NaN,NaN,NaN,NaN,NaN
2025-10-25T23:00,NaN,NaN,NaN,NaN,NaN
2025-10-26T00:00,NaN,NaN,NaN,NaN,NaN
2025-10-26T01:00,NaN,NaN,NaN,NaN,NaN
2025-10-26T02:00,NaN,NaN,NaN,NaN,NaN
2025-10-26T03:00,NaN,NaN,NaN,NaN,NaN
2025-10-26T04:00,NaN,NaN,NaN,NaN,NaN
2025-10-26T05:00,NaN,NaN,NaN,NaN,NaN
2025-10-26T06:00,NaN,NaN,NaN,NaN,NaN
2025-10-26T07:00,NaN,NaN,NaN,NaN,NaN
2025-10-26T08:00,NaN,NaN,NaN,NaN,NaN
2025-10-26T09:00,NaN,NaN,NaN,NaN,NaN
2025-10-26T10:00,NaN,NaN,NaN,NaN,NaN
2025-10-26T11:00,NaN,NaN,NaN,NaN,NaN
2025-10-26T12:00,8.5,9.9,273,1011.5,69
2025-10-26T13:00,8.7,10.1,270,1011.4,69
2025-10-26T14:00,8.6,10.9,266,1011.2,68
2025-10-26T15:00,8.5,11.1,267,1011.4,70
2025-10-26T16:00,7.8,10.6,263,1011.5,70
2025-10-26T17:00,7.1,8.8,257,1011.6,72
2025-10-26T18:00,7.0,8.5,238,1011.2,74
2025-10-26T19:00,6.9,9.5,235,1010.9,75
2025-10-26T20:00,6.7,11.8,237,1010.5,78
2025-10-26T21:00,6.3,11.6,230,1010.2,89
2025-10-26T22:00,6.6,12.0,230,1009.4,92
2025-10-26T23:00,6.6,12.8,227,1008.6,92
2025-10-27T00:00,6.6,12.8,222,1007.1,95
2025-10-27T01:00,6.6,14.0,223,1006.2,96
2025-10-27T02:00,7.0,15.2,229,1005.0,97
2025-10-27T03:00,7.4,15.6,234,1003.9,97
2025-10-27T04:00,7.6,14.4,241,1003.5,99
2025-10-27T05:00,7.9,13.0,248,1003.4,99
2025-10-27T06:00,9.2,13.3,262,1003.3,96
2025-10-27T07:00,8.9,12.7,266,1003.8,96
2025-10-27T08:00,9.1,13.2,270,1004.2,94
2025-10-27T09:00,9.6,14.9,277,1004.7,88
2025-10-27T10:00,9.8,15.0,274,1004.9,88
2025-10-27T11:00,10.3,15.0,280,1005.3,83
2025-10-27T12:00,10.6,15.1,283,1005.7,79
2025-10-27T13:00,10.7,14.9,284,1006.3,75
2025-10-27T14:00,10.6,14.4,287,1007.2,74
2025-10-27T15:00,10.1,13.0,289,1008.4,78
2025-10-27T16:00,9.6,11.1,286,1009.4,80
2025-10-27T17:00,8.8,8.9,279,1010.6,84
2025-10-27T18:00,8.6,7.6,266,1011.7,81
2025-10-27T19:00,8.0,7.3,254,1012.4,85
2025-10-27T20:00,7.6,7.1,248,1012.9,88
2025-10-27T21:00,7.1,7.4,240,1013.6,91
2025-10-27T22:00,6.7,7.7,234,1014.1,93
2025-10-27T23:00,6.4,7.7,229,1013.9,94
2025-10-28T00:00,6.6,7.6,224,1013.5,94
2025-10-28T01:00,6.6,8.1,220,1013.4,97
2025-10-28T02:00,6.8,8.3,213,1012.9,98
2025-10-28T03:00,7.4,8.6,211,1012.5,99
2025-10-28T04:00,7.9,9.4,217,1012.0,99
2025-10-28T05:00,8.7,10.6,227,1011.9,100
2025-10-28T06:00,9.6,12.2,237,1011.7,98
2025-10-28T07:00,9.8,12.5,227,1011.8,96
2025-10-28T08:00,9.8,13.5,227,1012.2,96
2025-10-28T09:00,9.6,13.2,225,1012.0,96
2025-10-28T10:00,9.7,14.1,232,1012.0,96
2025-10-28T11:00,10.1,13.0,237,1011.9,95
2025-10-28T12:00,10.5,6.2,226,1011.3,95
2025-10-28T13:00,10.8,6.7,224,1010.7,93
2025-10-28T14:00,11.5,7.6,241,1010.7,89
2025-10-28T15:00,11.4,7.0,236,1010.7,92
2025-10-28T16:00,11.6,6.8,243,1011.1,88
2025-10-28T17:00,11.2,5.8,228,1011.6,92
2025-10-28T18:00,10.9,6.3,230,1012.5,93
2025-10-28T19:00,10.6,6.2,219,1012.3,94
2025-10-28T20:00,10.5,6.0,237,1012.1,93
2025-10-28T21:00,10.3,5.1,220,1011.9,94
2025-10-28T22:00,9.6,4.2,217,1012.3,94
2025-10-28T23:00,9.5,4.5,211,1011.9,95
2025-10-29T00:00,10.3,4.3,210,1011.5,96
2025-10-29T01:00,9.9,4.3,210,1011.6,98
2025-10-29T02:00,9.7,4.1,197,1010.8,100
2025-10-29T03:00,10.3,4.4,201,1010.2,99
2025-10-29T04:00,9.9,4.1,180,1010.0,100
2025-10-29T05:00,9.9,4.7,180,1009.5,100
2025-10-29T06:00,9.9,3.6,164,1008.6,100
2025-10-29T07:00,9.8,4.1,183,1008.5,100
2025-10-29T08:00,9.8,5.7,172,1007.7,99
2025-10-29T09:00,10.6,5.1,176,1007.3,97
2025-10-29T10:00,11.2,5.6,166,1006.6,95
2025-10-29T11:00,12.3,6.3,164,1005.6,89
2025-10-29T12:00,13.1,6.7,154,1003.9,84
2025-10-29T13:00,13.0,6.1,158,1002.8,87
2025-10-29T14:00,13.1,6.3,164,1002.2,85
2025-10-29T15:00,13.0,6.3,173,1001.4,84
2025-10-29T16:00,12.7,7.2,174,1001.0,83
2025-10-29T17:00,12.4,7.1,172,1000.5,85
2025-10-29T18:00,12.3,5.7,162,1000.1,89
2025-10-29T19:00,11.4,6.6,178,999.9,97
2025-10-29T20:00,11.5,7.2,185,999.0,97
2025-10-29T21:00,11.6,7.2,204,998.3,97
2025-10-29T22:00,11.4,6.7,248,999.2,96
2025-10-29T23:00,10.6,6.2,265,1000.4,97
2025-10-30T00:00,10.5,7.5,263,1001.3,96
2025-10-30T01:00,10.3,5.2,283,1002.1,97
2025-10-30T02:00,9.6,7.9,301,1004.2,86
2025-10-30T03:00,8.8,6.3,286,1005.7,86
2025-10-30T04:00,8.7,4.9,263,1007.7,91
2025-10-30T05:00,8.4,4.4,257,1008.6,92
2025-10-30T06:00,7.3,2.8,231,1010.0,98
2025-10-30T07:00,7.4,2.5,203,1010.8,97
2025-10-30T08:00,7.8,3.9,217,1011.4,96
2025-10-30T09:00,8.6,3.9,221,1012.3,92
2025-10-30T10:00,9.7,3.7,223,1012.6,89
2025-10-30T11:00,10.3,4.2,208,1013.5,87
2025-10-30T12:00,11.0,4.7,218,1013.5,80
2025-10-30T13:00,11.5,5.2,211,1013.3,78
2025-10-30T14:00,11.3,4.9,203,1013.0,79
2025-10-30T15:00,11.1,4.9,178,1013.0,79
2025-10-30T16:00,10.3,4.3,162,1013.3,83
2025-10-30T17:00,9.7,4.7,156,1013.4,87
2025-10-30T18:00,8.8,5.2,153,1013.3,87
2025-10-30T19:00,8.6,4.8,159,1013.6,88
2025-10-30T20:00,8.4,5.1,148,1013.0,87
2025-10-30T21:00,7.7,5.7,153,1013.3,88
2025-10-30T22:00,7.7,5.4,145,1013.8,86
2025-10-30T23:00,7.9,5.8,147,1013.2,83
2025-10-31T00:00,7.3,6.3,150,1013.4,87
2025-10-31T01:00,7.2,5.4,159,1013.4,87
2025-10-31T02:00,7.2,4.9,157,1013.6,89
2025-10-31T03:00,7.1,5.0,152,1012.5,89
2025-10-31T04:00,7.0,4.4,151,1012.9,89
2025-10-31T05:00,7.0,4.4,151,1012.9,89
2025-10-31T06:00,6.8,5.2,135,1012.5,92
2025-10-31T07:00,6.6,4.6,160,1013.0,92
2025-10-31T08:00,7.3,5.0,154,1012.5,90
2025-10-31T09:00,8.1,4.3,177,1012.6,89
2025-10-31T10:00,9.1,4.7,150,1012.0,87
2025-10-31T11:00,9.7,5.6,168,1012.2,86
2025-10-31T12:00,10.3,5.3,156,1011.7,87
2025-10-31T13:00,11.5,5.8,165,1011.4,86
2025-10-31T14:00,11.8,5.7,153,1010.8,88
2025-10-31T15:00,12.1,5.0,159,1010.4,87
2025-10-31T16:00,11.7,3.7,152,1010.6,88
2025-10-31T17:00,10.9,4.9,146,1011.0,93
2025-10-31T18:00,10.9,4.6,130,1011.4,93
2025-10-31T19:00,10.8,4.4,148,1011.9,94
2025-10-31T20:00,10.8,5.0,149,1011.8,94
2025-10-31T21:00,11.2,5.3,147,1011.7,93
2025-10-31T22:00,10.6,3.9,153,1011.8,94
2025-10-31T23:00,10.2,4.4,142,1011.1,94
2025-11-01T00:00,10.1,4.7,142,1011.0,95
2025-11-01T01:00,9.8,4.3,144,1010.4,96
2025-11-01T02:00,9.6,4.9,151,1010.6,96
2025-11-01T03:00,9.9,4.4,151,1010.3,96
2025-11-01T04:00,9.9,5.5,162,1008.5,96
2025-11-01T05:00,10.3,6.4,166,1008.6,95
2025-11-01T06:00,10.9,6.1,162,1009.2,95
2025-11-01T07:00,11.4,6.0,159,1008.3,97
2025-11-01T08:00,12.1,6.8,180,1008.2,96
2025-11-01T09:00,12.8,9.0,175,1008.4,96
2025-11-01T10:00,12.8,6.9,191,1007.5,97
2025-11-01T11:00,13.3,7.8,199,1008.0,95
2025-11-01T12:00,10.9,3.3,291,1009.2,90
2025-11-01T13:00,11.1,4.2,208,1009.0,94
2025-11-01T14:00,10.8,4.3,170,1009.1,94
2025-11-01T15:00,11.1,6.3,210,1010.4,91
2025-11-01T16:00,11.0,6.4,200,1011.4,92
2025-11-01T17:00,10.2,6.0,209,1012.0,91
2025-11-01T18:00,10.3,3.7,183,1012.5,97
2025-11-01T19:00,10.4,4.7,199,1012.6,97
2025-11-01T20:00,10.3,4.6,192,1012.5,97
2025-11-01T21:00,10.4,5.1,189,1013.0,96
2025-11-01T22:00,10.1,3.6,193,1012.5,97
2025-11-01T23:00,9.9,5.0,191,1013.0,98
2025-11-02T00:00,10.3,5.1,191,1012.7,97
2025-11-02T01:00,10.0,4.5,198,1012.1,98
2025-11-02T02:00,10.2,7.9,197,1012.9,97
2025-11-02T03:00,10.3,5.9,203,1012.2,95
2025-11-02T04:00,9.8,4.7,215,1012.2,97
2025-11-02T05:00,9.7,5.9,203,1012.6,96
2025-11-02T06:00,9.5,6.2,212,1012.6,93
2025-11-02T07:00,9.4,5.0,208,1012.6,93
2025-11-02T08:00,9.5,4.8,201,1012.3,95
2025-11-02T09:00,9.8,5.5,190,1012.0,94
2025-11-02T10:00,10.1,5.9,191,1012.1,91
2025-11-02T11:00,10.7,7.1,191,1011.4,87
2025-11-02T12:00,11.5,6.0,209,1010.8,80
2025-11-02T13:00,10.9,7.2,229,1010.9,91
2025-11-02T14:00,10.8,8.8,227,1011.3,83
2025-11-02T15:00,10.1,5.2,228,1011.4,91
2025-11-02T16:00,9.5,5.8,240,1012.7,92
2025-11-02T17:00,8.7,7.5,260,1013.7,84
2025-11-02T18:00,7.7,4.9,254,1014.6,92
2025-11-02T19:00,7.8,4.3,260,1015.9,90
2025-11-02T20:00,7.3,3.2,223,1016.3,94
2025-11-02T21:00,6.5,3.3,216,1017.1,96
2025-11-02T22:00,6.6,3.2,218,1017.5,95
2025-11-02T23:00,6.6,4.3,231,1017.9,96
2025-11-03T00:00,5.8,3.5,207,1018.0,98
2025-11-03T01:00,5.5,2.6,207,1018.9,98
2025-11-03T02:00,5.2,3.0,195,1019.1,99
2025-11-03T03:00,5.0,2.5,176,1019.7,99
2025-11-03T04:00,5.1,2.3,156,1020.2,99
2025-11-03T05:00,5.1,2.8,168,1020.7,98
2025-11-03T06:00,5.7,3.2,169,1020.5,99
2025-11-03T07:00,5.2,3.3,173,1021.1,100
2025-11-03T08:00,5.7,3.7,155,1021.6,100
2025-11-03T09:00,6.8,5.3,170,1021.7,100
2025-11-03T10:00,6.9,5.3,172,1021.6,100
2025-11-03T11:00,7.4,6.1,173,1021.4,100
2025-11-03T12:00,7.8,6.4,178,1021.0,100
2025-11-03T13:00,8.3,5.5,197,1021.0,99
2025-11-03T14:00,8.9,4.9,185,1021.3,97
2025-11-03T15:00,9.1,4.3,183,1021.9,98
2025-11-03T16:00,9.7,5.4,180,1021.5,98
2025-11-03T17:00,9.9,4.3,175,1021.6,97
2025-11-03T18:00,10.0,4.7,175,1021.7,96
2025-11-03T19:00,10.1,5.6,192,1022.0,97
2025-11-03T20:00,10.2,5.0,196,1022.4,97
2025-11-03T21:00,10.7,4.3,185,1022.3,97
2025-11-03T22:00,10.2,3.9,171,1022.5,99
2025-11-03T23:00,10.0,3.9,186,1022.3,99
2025-11-04T00:00,10.4,3.5,186,1022.3,98
2025-11-04T01:00,10.2,3.5,189,1022.2,99
2025-11-04T02:00,10.1,4.1,177,1021.9,99
2025-11-04T03:00,10.2,4.5,175,1021.4,99
2025-11-04T04:00,10.0,3.8,201,1021.5,99
2025-11-04T05:00,9.7,4.1,183,1021.8,100
2025-11-04T06:00,9.8,4.9,171,1021.8,100
2025-11-04T07:00,9.4,4.4,159,1021.7,100
2025-11-04T08:00,9.3,5.1,162,1021.5,97
2025-11-04T09:00,9.9,5.8,165,1021.5,92
2025-11-04T10:00,11.0,7.3,163,1020.7,88
2025-11-04T11:00,12.4,7.6,162,1019.9,82
2025-11-04T12:00,13.8,7.9,158,1018.6,75
2025-11-04T13:00,14.2,6.1,153,1018.7,75
2025-11-04T14:00,14.0,6.9,164,1018.4,76
2025-11-04T15:00,13.4,6.6,159,1018.3,79
2025-11-04T16:00,12.5,5.3,147,1018.6,86
2025-11-04T17:00,11.8,5.8,147,1018.2,87
2025-11-04T18:00,11.2,6.8,149,1018.5,90
2025-11-04T19:00,11.1,7.0,146,1017.9,88
2025-11-04T20:00,10.7,6.0,167,1018.7,88
2025-11-04T21:00,10.4,6.0,159,1018.9,83
2025-11-04T22:00,9.6,5.4,154,1018.8,86
2025-11-04T23:00,9.3,5.8,159,1018.4,85
2025-11-05T00:00,8.9,5.0,154,1018.5,84
2025-11-05T01:00,8.6,4.3,153,1018.9,83
2025-11-05T02:00,8.4,4.7,150,1018.7,80
2025-11-05T03:00,8.2,3.9,162,1018.6,79
2025-11-05T04:00,7.8,3.8,150,1018.4,78
2025-11-05T05:00,7.7,4.4,165,1018.7,78
2025-11-05T06:00,7.9,3.9,162,1018.5,76
2025-11-05T07:00,7.4,3.0,157,1018.0,79
2025-11-05T08:00,8.1,4.2,143,1017.7,77
2025-11-05T09:00,9.7,5.4,159,1017.8,73
2025-11-05T10:00,10.7,5.5,157,1017.0,72
2025-11-05T11:00,11.7,5.9,163,1016.3,73
2025-11-05T12:00,13.4,4.9,162,1015.5,73
2025-11-05T13:00,13.9,6.1,149,1014.5,73
2025-11-05T14:00,13.7,6.6,142,1013.8,75
2025-11-05T15:00,13.5,5.9,136,1014.2,78
2025-11-05T16:00,12.9,6.5,129,1014.0,77
2025-11-05T17:00,12.6,6.6,133,1013.7,71
2025-11-05T18:00,12.4,5.8,143,1014.1,71
2025-11-05T19:00,12.3,6.2,139,1013.5,66
2025-11-05T20:00,12.4,7.1,143,1013.0,62
2025-11-05T21:00,12.2,6.6,140,1013.1,63
2025-11-05T22:00,11.6,6.3,140,1012.9,65
2025-11-05T23:00,11.3,6.3,144,1012.3,63
2025-11-06T00:00,11.0,6.8,143,1011.9,63
2025-11-06T01:00,10.3,6.1,149,1012.1,66
2025-11-06T02:00,10.1,6.2,152,1011.7,69
2025-11-06T03:00,9.7,4.1,155,1011.2,72
2025-11-06T04:00,9.4,4.6,144,1011.0,73
2025-11-06T05:00,8.8,3.9,139,1010.8,76
2025-11-06T06:00,8.5,5.0,144,1010.6,77
2025-11-06T07:00,8.2,4.8,153,1010.6,79
2025-11-06T08:00,8.4,4.8,153,1010.0,80
2025-11-06T09:00,9.6,5.7,153,1010.4,77
2025-11-06T10:00,10.3,5.1,157,1009.8,77
2025-11-06T11:00,11.7,6.4,177,1009.6,76
2025-11-06T12:00,12.8,5.7,172,1009.3,76
2025-11-06T13:00,12.8,5.3,182,1008.9,77
2025-11-06T14:00,12.9,4.7,175,1008.8,79
2025-11-06T15:00,12.8,2.6,153,1008.9,84
2025-11-06T16:00,12.0,2.8,155,1008.8,89
2025-11-06T17:00,11.0,2.5,141,1008.8,93
2025-11-06T18:00,11.3,4.4,157,1009.7,90
2025-11-06T19:00,10.3,1.8,103,1009.6,94
2025-11-06T20:00,9.7,2.5,129,1009.7,94
2025-11-06T21:00,10.5,3.3,163,1010.3,93
2025-11-06T22:00,9.5,1.9,143,1010.1,95
2025-11-06T23:00,8.7,0.6,198,1010.0,96
2025-11-07T00:00,8.6,1.2,141,1010.2,93
2025-11-07T01:00,7.5,0.8,90,1010.4,97
2025-11-07T02:00,7.1,1.6,104,1010.0,96
2025-11-07T03:00,6.4,0.9,153,1009.7,97
2025-11-07T04:00,6.5,1.7,144,1009.9,96
2025-11-07T05:00,6.0,1.8,122,1010.2,97
2025-11-07T06:00,5.2,0.7,124,1010.6,97
2025-11-07T07:00,4.4,1.0,127,1010.4,99
2025-11-07T08:00,5.7,1.2,198,1011.0,96
2025-11-07T09:00,8.8,2.5,141,1011.0,84
2025-11-07T10:00,10.9,3.6,158,1010.5,79
2025-11-07T11:00,11.6,4.4,159,1010.5,77
2025-11-07T12:00,12.5,4.7,171,1010.1,75
2025-11-07T13:00,12.9,4.5,173,1009.6,79
2025-11-07T14:00,13.1,3.8,159,1009.3,82
2025-11-07T15:00,13.0,4.1,177,1009.7,85
2025-11-07T16:00,12.1,4.1,188,1010.3,90
2025-11-07T17:00,11.2,3.3,173,1010.8,94
2025-11-07T18:00,10.0,2.5,184,1011.2,98
2025-11-07T19:00,8.9,1.7,117,1011.5,99
2025-11-07T20:00,8.2,1.1,149,1011.5,99
2025-11-07T21:00,7.8,1.4,236,1010.9,99
2025-11-07T22:00,7.5,1.0,169,1011.4,100
2025-11-07T23:00,7.1,0.8,194,1012.1,100
2025-11-08T00:00,7.1,1.1,149,1012.3,100
2025-11-08T01:00,6.4,0.6,198,1012.6,100
2025-11-08T02:00,5.9,1.0,158,1012.7,100
2025-11-08T03:00,5.7,1.0,158,1012.6,100
2025-11-08T04:00,6.1,0.9,207,1012.8,99
2025-11-08T05:00,6.2,2.2,142,1013.3,98
2025-11-08T06:00,5.4,1.6,173,1013.6,100
2025-11-08T07:00,4.9,1.2,189,1014.0,100
2025-11-08T08:00,5.3,1.4,164,1014.2,100
2025-11-08T09:00,7.2,1.9,180,1014.8,97
2025-11-08T10:00,7.1,1.8,174,1015.0,94
2025-11-08T11:00,8.3,2.0,186,1015.3,92
2025-11-08T12:00,11.9,2.9,172,1014.7,83
2025-11-08T13:00,11.4,2.3,204,1014.6,88
2025-11-08T14:00,11.9,2.4,209,1014.5,89
2025-11-08T15:00,12.4,2.8,196,1014.5,88
2025-11-08T16:00,11.3,2.1,180,1015.0,90
2025-11-08T17:00,11.1,2.5,266,1015.5,94
2025-11-08T18:00,10.9,2.2,243,1016.1,97
2025-11-08T19:00,10.6,1.6,284,1016.8,100
2025-11-08T20:00,10.4,1.8,257,1017.0,100
2025-11-08T21:00,11.0,3.5,276,1017.2,97
2025-11-08T22:00,10.5,3.5,304,1017.5,95
2025-11-08T23:00,10.3,3.4,280,1017.7,97
2025-11-09T00:00,10.1,2.0,287,1017.7,96
2025-11-09T01:00,10.0,3.0,293,1018.0,95
2025-11-09T02:00,9.7,1.4,254,1017.9,97
2025-11-09T03:00,9.9,3.7,302,1017.9,94
2025-11-09T04:00,9.7,3.1,300,1018.3,95
2025-11-09T05:00,8.8,2.3,301,1018.5,98
2025-11-09T06:00,9.1,3.0,285,1018.6,99
2025-11-09T07:00,8.8,1.9,315,1019.1,97
2025-11-09T08:00,8.8,1.1,301,1019.1,96
2025-11-09T09:00,9.5,2.1,304,1019.4,92
2025-11-09T10:00,10.3,2.1,265,1019.6,86
2025-11-09T11:00,10.8,2.9,262,1019.5,83
2025-11-09T12:00,11.2,3.3,230,1018.9,80
2025-11-09T13:00,10.7,3.7,242,1019.1,82
2025-11-09T14:00,10.5,3.3,242,1018.9,81
2025-11-09T15:00,10.5,3.6,241,1018.9,82
2025-11-09T16:00,9.3,4.1,239,1019.2,90
2025-11-09T17:00,8.5,2.4,215,1019.1,92
2025-11-09T18:00,8.5,2.8,205,1019.2,92
2025-11-09T19:00,7.9,2.0,174,1019.2,94
2025-11-09T20:00,7.5,2.3,160,1019.4,96
2025-11-09T21:00,8.2,2.7,184,1018.9,97
2025-11-09T22:00,8.2,4.2,169,1018.6,94
2025-11-09T23:00,7.9,4.6,160,1018.1,98
2025-11-10T00:00,7.5,4.5,178,1017.8,99
2025-11-10T01:00,7.2,4.9,182,1018.0,99
2025-11-10T02:00,7.0,4.5,155,1017.4,100
2025-11-10T03:00,7.1,4.6,168,1016.9,100
2025-11-10T04:00,6.9,4.9,164,1016.4,100
2025-11-10T05:00,6.8,4.7,163,1016.0,100
2025-11-10T06:00,6.9,4.9,162,1015.6,99
2025-11-10T07:00,6.4,5.4,159,1015.9,100
2025-11-10T08:00,6.3,5.8,159,1015.8,100
2025-11-10T09:00,6.6,5.7,149,1015.4,95
2025-11-10T10:00,6.6,6.1,158,1015.2,93
2025-11-10T11:00,7.1,6.1,162,1014.5,91
2025-11-10T12:00,8.4,6.5,153,1013.6,88
2025-11-10T13:00,9.9,7.7,170,1012.3,81
2025-11-10T14:00,9.8,6.5,170,1012.0,78
2025-11-10T15:00,9.4,6.7,158,1011.4,84
2025-11-10T16:00,9.2,6.3,158,1011.7,87
2025-11-10T17:00,8.4,6.3,154,1011.7,95
2025-11-10T18:00,8.0,5.2,153,1011.9,97
2025-11-10T19:00,8.2,4.7,163,1011.5,97
2025-11-10T20:00,8.8,5.6,178,1011.7,97
2025-11-10T21:00,9.0,5.8,201,1011.6,97
2025-11-10T22:00,9.0,5.7,207,1013.0,97
2025-11-10T23:00,8.8,4.1,185,1012.8,98
2025-11-11T00:00,8.9,3.5,189,1012.9,99
2025-11-11T01:00,8.8,3.9,200,1013.3,99
2025-11-11T02:00,8.7,2.9,200,1013.9,100
2025-11-11T03:00,9.3,4.5,185,1013.9,100
2025-11-11T04:00,8.9,4.4,195,1014.6,100
2025-11-11T05:00,8.6,4.5,187,1014.3,100
2025-11-11T06:00,8.7,4.1,175,1014.6,100
2025-11-11T07:00,8.4,4.5,173,1015.2,100
2025-11-11T08:00,8.2,4.7,182,1015.0,100
2025-11-11T09:00,8.5,5.4,182,1015.7,100
2025-11-11T10:00,8.6,5.0,169,1015.8,100
2025-11-11T11:00,9.0,5.3,178,1015.4,100
2025-11-11T12:00,9.5,5.8,168,1014.8,98
2025-11-11T13:00,10.0,6.5,173,1014.3,97
2025-11-11T14:00,10.2,6.0,167,1014.2,96
2025-11-11T15:00,10.1,5.1,157,1014.3,95
2025-11-11T16:00,10.3,4.5,149,1014.6,94
2025-11-11T17:00,10.5,4.7,135,1014.2,95
2025-11-11T18:00,9.9,5.8,140,1014.2,94
2025-11-11T19:00,9.9,5.0,144,1013.8,94
2025-11-11T20:00,9.7,4.6,140,1014.1,94
2025-11-11T21:00,9.5,5.6,144,1013.9,94
2025-11-11T22:00,9.0,4.8,153,1014.3,95
2025-11-11T23:00,8.8,5.2,153,1014.0,95
2025-11-12T00:00,8.8,6.1,149,1013.5,92
2025-11-12T01:00,7.9,4.6,158,1013.8,96
2025-11-12T02:00,7.8,4.8,153,1013.3,94
2025-11-12T03:00,7.2,4.6,152,1013.3,96
2025-11-12T04:00,7.0,4.7,138,1013.2,96
2025-11-12T05:00,7.0,4.8,140,1013.2,95
2025-11-12T06:00,7.0,4.4,142,1013.3,95
2025-11-12T07:00,6.7,4.9,151,1013.3,95
2025-11-12T08:00,7.0,5.0,159,1013.2,91
2025-11-12T09:00,8.1,5.0,159,1013.3,85
2025-11-12T10:00,8.8,5.0,159,1013.1,83
2025-11-12T11:00,9.7,5.9,157,1012.6,81
2025-11-12T12:00,10.6,6.3,154,1011.9,81
2025-11-12T13:00,11.0,6.0,161,1011.3,84
2025-11-12T14:00,11.7,4.9,157,1011.4,86
2025-11-12T15:00,12.2,5.9,148,1010.5,86
2025-11-12T16:00,11.6,5.2,153,1010.6,91
2025-11-12T17:00,11.3,6.1,153,1010.6,91
2025-11-12T18:00,11.4,6.7,147,1011.0,93
2025-11-12T19:00,11.0,5.7,152,1011.0,95
2025-11-12T20:00,10.6,5.0,141,1011.1,96
2025-11-12T21:00,10.8,4.5,155,1011.3,94
2025-11-12T22:00,10.7,4.7,145,1011.4,94
2025-11-12T23:00,10.5,4.7,142,1011.6,93
2025-11-13T00:00,10.8,4.1,135,1011.4,91
2025-11-13T01:00,10.2,3.8,145,1011.7,93
2025-11-13T02:00,9.9,4.3,150,1011.8,92
2025-11-13T03:00,10.4,5.2,158,1011.3,89
2025-11-13T04:00,10.2,4.6,147,1011.6,89
2025-11-13T05:00,9.7,4.2,146,1011.9,90
2025-11-13T06:00,10.0,4.2,152,1012.0,88
2025-11-13T07:00,9.8,4.2,164,1012.2,88
2025-11-13T08:00,10.4,4.4,167,1012.9,86
2025-11-13T09:00,11.7,5.0,164,1013.5,83
2025-11-13T10:00,13.0,5.1,176,1013.4,81
2025-11-13T11:00,14.0,5.5,176,1013.1,78
2025-11-13T12:00,14.7,5.5,176,1013.0,78
2025-11-13T13:00,14.9,4.9,180,1012.4,80
2025-11-13T14:00,15.0,5.4,165,1011.8,79
2025-11-13T15:00,14.7,4.2,164,1011.8,83
2025-11-13T16:00,13.8,4.3,144,1011.8,86
2025-11-13T17:00,13.3,4.0,151,1012.3,88
2025-11-13T18:00,12.5,3.1,108,1011.8,92
2025-11-13T19:00,12.9,5.7,145,1010.5,90
2025-11-13T20:00,12.3,3.3,126,1011.1,94
2025-11-13T21:00,13.3,4.9,135,1010.5,90
2025-11-13T22:00,12.5,4.3,133,1009.8,91
2025-11-13T23:00,12.3,4.2,143,1009.7,87
2025-11-14T00:00,12.8,5.1,157,1009.4,81
2025-11-14T01:00,13.0,6.6,142,1008.1,76
2025-11-14T02:00,12.5,6.3,164,1008.5,77
2025-11-14T03:00,12.4,4.7,125,1007.7,85
2025-11-14T04:00,12.3,5.7,142,1006.9,75
2025-11-14T05:00,12.2,4.9,151,1006.9,73
2025-11-14T06:00,11.8,5.5,148,1006.6,72
2025-11-14T07:00,11.8,4.9,164,1007.4,74
2025-11-14T08:00,11.8,4.6,168,1007.4,74
2025-11-14T09:00,12.6,4.2,124,1006.7,71
2025-11-14T10:00,12.8,1.0,191,1006.5,77
2025-11-14T11:00,13.6,4.6,158,1007.1,73
2025-11-14T12:00,14.7,4.3,170,1006.4,73
2025-11-14T13:00,14.6,4.7,145,1005.8,80
2025-11-14T14:00,14.4,4.8,166,1005.7,85
2025-11-14T15:00,14.8,2.9,138,1005.6,80
2025-11-14T16:00,14.2,4.7,138,1005.4,82
2025-11-14T17:00,13.8,4.4,131,1006.0,83
2025-11-14T18:00,14.3,4.0,133,1006.0,77
2025-11-14T19:00,13.8,4.6,152,1005.8,80
2025-11-14T20:00,13.1,6.0,199,1006.8,91
2025-11-14T21:00,12.4,1.5,113,1006.7,95
2025-11-14T22:00,12.3,2.7,150,1007.2,97
2025-11-14T23:00,12.5,4.7,150,1007.0,98
2025-11-15T00:00,12.7,2.3,160,1006.8,98
2025-11-15T01:00,12.1,4.5,175,1007.3,99
2025-11-15T02:00,11.9,2.1,146,1007.8,97
2025-11-15T03:00,11.8,4.2,158,1007.9,97
2025-11-15T04:00,11.8,3.0,153,1007.9,98
2025-11-15T05:00,11.8,3.1,158,1008.8,99
2025-11-15T06:00,11.9,2.6,153,1008.1,100
2025-11-15T07:00,11.9,1.8,174,1008.7,100
2025-11-15T08:00,11.9,1.0,259,1008.6,100
2025-11-15T09:00,12.3,2.0,169,1008.6,100
2025-11-15T10:00,12.5,2.9,152,1008.6,100
2025-11-15T11:00,12.5,3.7,152,1008.8,100
2025-11-15T12:00,12.8,1.3,153,1008.4,100
2025-11-15T13:00,13.2,1.8,103,1007.4,96
2025-11-15T14:00,13.8,1.8,96,1007.1,90
2025-11-15T15:00,13.7,0.6,72,1006.8,92
2025-11-15T16:00,13.0,0.4,360,1006.8,95
2025-11-15T17:00,12.3,0.7,326,1007.3,99
2025-11-15T18:00,12.1,1.6,150,1007.3,99
2025-11-15T19:00,12.2,4.0,219,1007.8,97
2025-11-15T20:00,12.0,4.2,196,1008.4,99
2025-11-15T21:00,11.7,3.9,198,1008.2,100
2025-11-15T22:00,11.4,3.9,213,1008.5,99
2025-11-15T23:00,10.9,3.5,186,1008.6,99
2025-11-16T00:00,10.7,3.4,196,1008.6,99
2025-11-16T01:00,10.4,2.9,180,1008.5,100
2025-11-16T02:00,10.4,2.5,184,1008.2,100
2025-11-16T03:00,10.4,1.6,187,1007.9,100
2025-11-16T04:00,10.1,2.9,172,1008.0,100
2025-11-16T05:00,10.1,0.7,146,1007.7,100
2025-11-16T06:00,10.4,2.8,164,1007.9,100
2025-11-16T07:00,10.1,1.7,180,1007.5,99
2025-11-16T08:00,10.0,2.0,191,1007.8,100
2025-11-16T09:00,10.4,0.8,166,1007.1,100
2025-11-16T10:00,10.7,0.8,166,1007.0,100
2025-11-16T11:00,10.9,2.7,188,1007.1,96
2025-11-16T12:00,10.8,1.4,196,1006.7,96
2025-11-16T13:00,10.9,2.1,214,1006.7,95
2025-11-16T14:00,10.1,4.8,14,1006.8,97
2025-11-16T15:00,9.7,4.3,355,1007.1,95
2025-11-16T16:00,8.9,5.1,358,1007.8,96
2025-11-16T17:00,8.2,6.2,2,1008.4,99
2025-11-16T18:00,7.5,6.3,11,1008.8,99
2025-11-16T19:00,6.7,5.5,10,1009.0,98
2025-11-16T20:00,6.4,5.7,10,1009.7,98
2025-11-16T21:00,6.0,7.2,13,1009.9,99
2025-11-16T22:00,5.3,6.5,10,1010.0,100
2025-11-16T23:00,5.1,6.7,7,1010.3,100
2025-11-17T00:00,5.6,6.6,5,1010.7,96
2025-11-17T01:00,5.1,6.4,14,1011.1,89
2025-11-17T02:00,4.0,5.7,10,1010.9,81
2025-11-17T03:00,2.9,5.5,8,1010.8,77
2025-11-17T04:00,2.9,4.7,7,1011.4,70
2025-11-17T05:00,2.6,2.8,348,1012.0,70
2025-11-17T06:00,2.7,2.5,342,1012.3,78
2025-11-17T07:00,2.8,1.8,13,1013.1,88
2025-11-17T08:00,3.2,4.6,345,1013.5,93
2025-11-17T09:00,4.9,6.1,354,1013.9,90
2025-11-17T10:00,5.8,6.1,343,1014.7,80
2025-11-17T11:00,5.9,7.3,351,1015.1,77
2025-11-17T12:00,5.6,6.7,352,1015.6,87
2025-11-17T13:00,5.6,8.6,359,1016.5,73
2025-11-17T14:00,5.7,7.2,355,1017.1,66
2025-11-17T15:00,5.2,5.8,360,1018.1,74
2025-11-17T16:00,4.2,5.7,350,1019.3,82
2025-11-17T17:00,3.5,4.1,357,1020.2,77
2025-11-17T18:00,2.9,4.5,355,1021.1,83
2025-11-17T19:00,2.7,5.6,2,1022.1,88
2025-11-17T20:00,2.6,5.7,8,1022.4,86
2025-11-17T21:00,1.5,2.9,28,1022.9,91
2025-11-17T22:00,1.1,1.6,30,1023.5,92
2025-11-17T23:00,0.4,1.9,360,1023.5,95
2025-11-18T00:00,-0.2,2.3,5,1023.5,97
2025-11-18T01:00,-0.3,1.0,79,1023.4,98
2025-11-18T02:00,-0.6,0.9,117,1023.3,99
2025-11-18T03:00,-1.5,0.4,360,1023.2,100
2025-11-18T04:00,-1.3,0.5,135,1023.3,100
2025-11-18T05:00,-0.9,1.2,141,1022.7,99
2025-11-18T06:00,-0.9,1.6,120,1022.9,99
2025-11-18T07:00,-0.8,1.5,113,1022.7,98
2025-11-18T08:00,-0.1,1.8,148,1022.6,95
2025-11-18T09:00,1.4,2.7,201,1022.7,83
2025-11-18T10:00,2.1,4.2,196,1022.1,80
2025-11-18T11:00,2.0,4.3,190,1021.5,81
2025-11-18T12:00,2.1,3.9,183,1020.8,86
2025-11-18T13:00,3.0,4.2,193,1019.6,80
2025-11-18T14:00,3.0,5.1,203,1018.9,82
2025-11-18T15:00,2.6,4.0,191,1018.3,88
2025-11-18T16:00,2.0,3.7,198,1017.5,95
2025-11-18T17:00,2.4,3.4,223,1017.0,92
2025-11-18T18:00,2.1,2.9,180,1016.4,90
2025-11-18T19:00,1.8,4.0,191,1016.2,97
2025-11-18T20:00,1.5,4.7,173,1015.3,97
2025-11-18T21:00,2.1,4.3,183,1015.3,97
2025-11-18T22:00,1.6,4.3,180,1014.5,98
2025-11-18T23:00,1.7,4.5,187,1013.3,98
2025-11-19T00:00,2.3,5.8,182,1011.9,99
2025-11-19T01:00,1.3,5.6,180,1011.5,98
2025-11-19T02:00,0.9,6.0,184,1011.3,99
2025-11-19T03:00,1.3,5.7,176,1010.2,99
2025-11-19T04:00,0.9,5.1,180,1009.6,99
2025-11-19T05:00,0.8,5.1,176,1008.9,99
2025-11-19T06:00,2.2,4.7,189,1007.9,100
2025-11-19T07:00,2.1,6.4,192,1007.2,100
2025-11-19T08:00,2.0,6.0,176,1006.8,100
2025-11-19T09:00,2.6,7.2,177,1005.8,100
2025-11-19T10:00,2.4,6.8,183,1005.2,99
2025-11-19T11:00,2.8,6.2,182,1004.6,98
2025-11-19T12:00,3.6,6.1,197,1003.4,98
2025-11-19T13:00,3.8,6.6,192,1002.5,99
2025-11-19T14:00,3.7,5.3,172,1001.9,98
2025-11-19T15:00,4.1,4.3,177,1001.3,97
2025-11-19T16:00,3.6,4.8,230,1001.3,96
2025-11-19T17:00,3.3,3.5,236,1001.7,96
2025-11-19T18:00,2.9,1.9,270,1002.3,96
2025-11-19T19:00,2.3,3.8,258,1002.4,96
2025-11-19T20:00,2.0,6.0,341,1003.5,95
2025-11-19T21:00,1.8,5.1,328,1004.0,96
2025-11-19T22:00,2.3,7.3,318,1004.4,95
2025-11-19T23:00,2.3,6.7,319,1005.3,92
2025-11-20T00:00,2.1,8.2,322,1006.2,92
2025-11-20T01:00,1.7,7.0,312,1007.0,93
2025-11-20T02:00,1.5,5.8,312,1008.2,94
2025-11-20T03:00,1.5,6.2,290,1008.1,94
2025-11-20T04:00,1.3,6.9,313,1008.8,92
2025-11-20T05:00,1.0,5.8,303,1009.3,94
2025-11-20T06:00,0.9,4.3,342,1009.6,95
2025-11-20T07:00,0.6,4.3,234,1010.3,97
2025-11-20T08:00,0.4,5.5,262,1010.7,96
2025-11-20T09:00,0.7,3.6,254,1010.7,93
2025-11-20T10:00,1.1,4.4,241,1011.1,91
2025-11-20T11:00,1.5,4.6,248,1011.4,90
2025-11-20T12:00,1.7,4.8,249,1011.2,93
2025-11-20T13:00,1.6,3.7,264,1011.2,95
2025-11-20T14:00,1.4,3.9,261,1011.6,97
2025-11-20T15:00,0.9,2.9,278,1012.2,97
2025-11-20T16:00,0.7,5.7,308,1013.0,94
2025-11-20T17:00,0.4,2.0,331,1013.6,98
2025-11-20T18:00,0.9,5.5,297,1013.7,95
2025-11-20T19:00,0.3,3.9,323,1014.5,90
2025-11-20T20:00,-0.2,1.7,270,1015.0,92
2025-11-20T21:00,-0.1,1.1,211,1015.5,91
2025-11-20T22:00,-0.4,0.4,117,1015.5,94
2025-11-20T23:00,-0.4,2.4,299,1015.7,93
2025-11-21T00:00,0.2,0.8,284,1015.7,96
2025-11-21T01:00,-0.3,2.4,194,1016.1,99
2025-11-21T02:00,-0.1,1.8,221,1016.7,98
2025-11-21T03:00,0.2,1.0,360,1016.3,94
2025-11-21T04:00,-0.1,0.6,360,1017.2,97
2025-11-21T05:00,0.3,1.4,135,1017.7,98
2025-11-21T06:00,0.3,0.7,146,1018.3,97
2025-11-21T07:00,0.4,0.8,76,1019.5,97
2025-11-21T08:00,0.3,2.8,78,1020.6,95
2025-11-21T09:00,0.8,3.3,45,1021.3,87
2025-11-21T10:00,1.8,3.2,52,1022.2,73
2025-11-21T11:00,2.5,4.6,22,1022.7,67
2025-11-21T12:00,2.5,5.5,10,1022.7,71
2025-11-21T13:00,2.8,5.8,21,1023.6,67
2025-11-21T14:00,2.5,6.0,21,1024.5,76
2025-11-21T15:00,1.9,5.5,17,1025.0,80
2025-11-21T16:00,0.9,5.2,13,1026.0,86
2025-11-21T17:00,0.2,4.2,16,1026.9,91
2025-11-21T18:00,-0.2,4.5,360,1027.4,93
2025-11-21T19:00,-0.4,3.7,6,1028.1,92
2025-11-21T20:00,-0.6,3.7,357,1028.7,95
2025-11-21T21:00,-0.9,2.1,22,1029.2,96
2025-11-21T22:00,-1.6,1.8,13,1029.2,98
2025-11-21T23:00,-1.8,2.8,344,1029.4,97
2025-11-22T00:00,-1.9,2.1,5,1029.1,94
2025-11-22T01:00,-2.3,1.3,333,1028.8,97
2025-11-22T02:00,-2.5,1.0,22,1029.1,97
2025-11-22T03:00,-3.2,1.1,329,1029.1,98
2025-11-22T04:00,-3.4,0.8,90,1029.3,95
2025-11-22T05:00,-3.7,1.4,164,1029.4,96
2025-11-22T06:00,-3.7,1.2,171,1029.3,96
2025-11-22T07:00,-3.9,1.4,164,1029.4,99
2025-11-22T08:00,-3.7,1.4,146,1029.5,100
2025-11-22T09:00,-2.3,3.1,162,1029.7,94
2025-11-22T10:00,-1.2,4.3,172,1029.0,80
2025-11-22T11:00,-0.4,4.3,172,1028.6,75
2025-11-22T12:00,0.5,5.1,180,1027.3,82
2025-11-22T13:00,0.9,4.9,182,1026.5,70
2025-11-22T14:00,0.6,5.6,168,1025.7,70
2025-11-22T15:00,-0.0,5.7,172,1025.1,76
2025-11-22T16:00,-0.9,5.7,164,1024.4,77
2025-11-22T17:00,-1.4,5.2,167,1024.4,79
2025-11-22T18:00,-1.9,5.7,164,1024.2,91
2025-11-22T19:00,-2.2,5.4,165,1023.8,93
2025-11-22T20:00,-2.6,5.1,162,1023.2,96
2025-11-22T21:00,-2.9,5.4,154,1022.4,95
2025-11-22T22:00,-3.1,5.3,161,1021.8,93
2025-11-22T23:00,-2.9,5.8,154,1020.8,97
2025-11-23T00:00,-3.0,5.2,160,1020.1,94
2025-11-23T01:00,-2.9,5.5,157,1019.0,93
2025-11-23T02:00,-2.5,5.9,171,1018.1,89
2025-11-23T03:00,-2.0,6.7,154,1017.5,85
2025-11-23T04:00,-2.3,6.5,163,1016.6,96
2025-11-23T05:00,-1.7,5.9,169,1015.8,99
2025-11-23T06:00,-1.8,9.4,174,1014.8,87
2025-11-23T07:00,-2.2,7.8,158,1014.4,94
2025-11-23T08:00,-2.0,8.9,151,1012.8,96
2025-11-23T09:00,-1.3,8.8,158,1012.8,75
2025-11-23T10:00,0.6,9.9,180,1011.3,72
2025-11-23T11:00,0.4,9.6,188,1010.5,81
2025-11-23T12:00,0.2,8.7,181,1008.2,86
2025-11-23T13:00,0.2,10.4,174,1007.0,93
2025-11-23T14:00,0.3,7.6,161,1005.3,99
2025-11-23T15:00,0.7,6.5,159,1004.1,99
2025-11-23T16:00,0.6,5.5,162,1003.7,99
2025-11-23T17:00,0.9,4.7,163,1003.5,100
2025-11-23T18:00,1.6,4.0,166,1002.9,100
2025-11-23T19:00,1.6,3.6,158,1002.8,100
2025-11-23T20:00,1.7,3.1,162,1002.3,100
2025-11-23T21:00,2.2,2.8,164,1002.1,100
2025-11-23T22:00,2.1,2.4,189,1001.7,100
2025-11-23T23:00,2.0,2.1,175,1001.3,100
2025-11-24T00:00,2.8,3.7,162,1001.0,100
2025-11-24T01:00,2.7,3.0,157,1000.6,100
2025-11-24T02:00,2.7,3.0,169,1000.1,100
2025-11-24T03:00,3.6,2.7,172,999.7,100
2025-11-24T04:00,3.5,3.5,174,998.9,100
2025-11-24T05:00,3.5,4.1,180,998.7,100
2025-11-24T06:00,4.0,2.9,188,998.2,100
2025-11-24T07:00,3.8,3.4,167,997.5,100
2025-11-24T08:00,3.8,4.1,175,997.3,100
2025-11-24T09:00,4.3,4.9,187,996.5,100
2025-11-24T10:00,4.4,4.8,194,996.1,100
2025-11-24T11:00,4.6,5.5,190,995.8,100
2025-11-24T12:00,5.4,5.6,216,994.9,100
2025-11-24T13:00,5.5,6.5,201,995.0,95
2025-11-24T14:00,5.5,3.8,195,994.8,97
2025-11-24T15:00,6.2,5.4,201,994.2,91
2025-11-24T16:00,5.9,5.8,192,994.6,93
2025-11-24T17:00,5.6,6.0,184,994.9,92
2025-11-24T18:00,5.4,5.7,170,994.9,91
2025-11-24T19:00,5.0,4.4,167,995.1,96
2025-11-24T20:00,5.0,6.2,212,995.5,95
2025-11-24T21:00,4.7,4.3,190,995.6,98
2025-11-24T22:00,4.5,3.3,201,996.1,100
2025-11-24T23:00,4.5,3.1,252,996.6,97
2025-11-25T00:00,4.6,2.7,249,997.1,100
2025-11-25T01:00,4.3,2.4,284,997.6,100
2025-11-25T02:00,4.2,3.1,288,998.4,97
2025-11-25T03:00,4.2,4.0,309,999.0,100
2025-11-25T04:00,4.2,5.2,315,1000.1,98
2025-11-25T05:00,3.9,5.4,330,1000.7,95
2025-11-25T06:00,3.6,5.5,318,1001.0,99
2025-11-25T07:00,3.2,3.8,330,1002.4,100
2025-11-25T08:00,3.3,4.4,337,1003.3,100
2025-11-25T09:00,4.0,4.3,352,1003.9,100
2025-11-25T10:00,4.2,5.7,352,1005.2,93
2025-11-25T11:00,4.6,5.8,358,1005.8,86
2025-11-25T12:00,5.1,7.6,347,1006.2,84
2025-11-25T13:00,5.3,7.7,348,1006.4,81
2025-11-25T14:00,5.1,6.6,341,1007.4,83
2025-11-25T15:00,4.5,5.9,354,1008.4,88
2025-11-25T16:00,4.0,5.5,350,1009.6,90
2025-11-25T17:00,3.9,6.0,347,1010.6,94
2025-11-25T18:00,4.2,6.5,343,1011.2,93
2025-11-25T19:00,3.8,6.2,340,1012.5,89
2025-11-25T20:00,3.2,5.2,347,1013.3,94
2025-11-25T21:00,3.1,5.4,334,1013.9,94
2025-11-25T22:00,2.9,5.4,339,1014.3,94
2025-11-25T23:00,2.4,5.5,343,1014.7,94
2025-11-26T00:00,3.2,7.2,346,1015.0,94
2025-11-26T01:00,2.4,6.1,349,1016.1,94
2025-11-26T02:00,2.0,5.1,342,1016.3,98
2025-11-26T03:00,2.5,6.7,348,1016.0,97
2025-11-26T04:00,2.4,6.2,346,1017.0,98
2025-11-26T05:00,2.3,4.6,345,1017.6,99
2025-11-26T06:00,2.5,6.3,342,1018.3,99
2025-11-26T07:00,2.6,5.3,356,1019.1,97
2025-11-26T08:00,2.5,3.4,10,1020.1,98
2025-11-26T09:00,3.4,3.4,24,1020.2,92
2025-11-26T10:00,3.6,4.6,20,1021.0,87
2025-11-26T11:00,4.0,4.9,16,1021.5,84
2025-11-26T12:00,4.1,3.6,29,1021.5,81
2025-11-26T13:00,4.4,2.5,23,1021.2,78
2025-11-26T14:00,4.4,2.5,4,1021.5,77
2025-11-26T15:00,4.6,3.4,347,1021.3,77
2025-11-26T16:00,4.0,2.5,337,1022.5,81
2025-11-26T17:00,3.3,2.6,351,1022.9,90
2025-11-26T18:00,1.5,1.7,360,1023.4,95
2025-11-26T19:00,0.4,2.1,355,1024.3,98
2025-11-26T20:00,-0.2,0.9,117,1024.0,99
2025-11-26T21:00,-0.6,0.4,27,1024.1,100
2025-11-26T22:00,-0.4,0.9,117,1024.2,99
2025-11-26T23:00,-0.8,0.8,104,1024.1,99
2025-11-27T00:00,-0.8,2.1,124,1023.7,99
2025-11-27T01:00,-0.3,1.1,135,1023.7,99
2025-11-27T02:00,-0.7,1.8,131,1023.8,100
2025-11-27T03:00,0.7,2.2,153,1023.5,94
2025-11-27T04:00,0.3,2.7,159,1023.4,97
2025-11-27T05:00,0.6,2.5,180,1023.7,99
2025-11-27T06:00,1.2,3.1,176,1022.9,99
2025-11-27T07:00,0.9,3.4,170,1023.6,100
2025-11-27T08:00,0.6,5.0,169,1023.1,100
2025-11-27T09:00,1.1,5.8,168,1023.4,100
2025-11-27T10:00,1.2,6.0,165,1023.7,100
2025-11-27T11:00,1.9,5.5,170,1023.2,99
2025-11-27T12:00,3.0,6.9,170,1022.8,98
2025-11-27T13:00,2.7,5.8,178,1022.5,99
2025-11-27T14:00,2.6,5.8,180,1022.3,99
2025-11-27T15:00,3.0,5.7,174,1022.3,99
2025-11-27T16:00,3.0,4.7,173,1022.2,100
2025-11-27T17:00,3.2,4.4,167,1022.3,100
2025-11-27T18:00,3.6,4.4,165,1022.0,100
2025-11-27T19:00,3.5,4.4,167,1022.3,100
2025-11-27T20:00,3.6,4.9,164,1022.7,100
2025-11-27T21:00,3.9,4.6,168,1022.5,100
2025-11-27T22:00,3.8,4.1,180,1022.3,100
2025-11-27T23:00,3.9,3.7,174,1022.1,100
2025-11-28T00:00,3.9,3.3,173,1021.6,100
2025-11-28T01:00,3.9,3.7,148,1021.1,100
2025-11-28T02:00,3.9,4.1,161,1020.8,100
2025-11-28T03:00,4.3,4.7,163,1020.7,100
2025-11-28T04:00,4.1,4.5,170,1020.3,100
2025-11-28T05:00,4.2,4.8,168,1019.9,100
2025-11-28T06:00,4.6,4.6,165,1019.4,100
2025-11-28T07:00,4.7,4.6,160,1019.6,100
2025-11-28T08:00,4.8,4.9,164,1019.0,99
2025-11-28T09:00,4.7,4.5,155,1018.8,100
2025-11-28T10:00,4.9,5.0,154,1018.5,100
2025-11-28T11:00,5.2,5.2,160,1018.1,100
2025-11-28T12:00,5.9,5.2,165,1017.3,100
2025-11-28T13:00,6.1,4.8,166,1016.6,100
2025-11-28T14:00,6.1,5.4,159,1015.7,100
2025-11-28T15:00,6.3,4.9,146,1015.0,100
2025-11-28T16:00,6.5,3.7,171,1015.8,100
2025-11-28T17:00,6.7,3.5,180,1015.8,100
2025-11-28T18:00,7.3,4.1,177,1016.1,100
2025-11-28T19:00,7.1,2.6,193,1016.4,100
2025-11-28T20:00,6.8,2.5,135,1016.0,100
2025-11-28T21:00,7.1,2.5,148,1015.8,100
2025-11-28T22:00,6.9,2.6,193,1016.0,100
2025-11-28T23:00,6.9,3.0,207,1015.6,100
2025-11-29T00:00,6.9,3.4,223,1015.4,100
2025-11-29T01:00,6.9,3.7,212,1014.9,100
2025-11-29T02:00,6.7,3.9,200,1015.1,100
2025-11-29T03:00,6.7,3.8,159,1014.0,100
2025-11-29T04:00,6.6,4.3,175,1014.0,100
2025-11-29T05:00,6.4,5.1,169,1013.4,100
2025-11-29T06:00,6.6,4.7,185,1012.9,100
2025-11-29T07:00,6.3,4.9,178,1013.4,100
2025-11-29T08:00,6.0,4.8,166,1012.7,100
2025-11-29T09:00,6.5,5.0,164,1011.7,100
2025-11-29T10:00,7.1,6.2,166,1011.1,100
2025-11-29T11:00,7.6,5.5,170,1010.3,100
2025-11-29T12:00,8.3,6.5,173,1009.6,100
2025-11-29T13:00,8.4,7.6,174,1008.4,100
2025-11-29T14:00,8.6,7.6,183,1008.0,100
2025-11-29T15:00,8.9,7.1,172,1007.4,98
2025-11-29T16:00,8.8,6.8,183,1007.7,99
2025-11-29T17:00,8.9,7.8,177,1007.0,98
2025-11-29T18:00,9.2,8.2,173,1006.6,96
2025-11-29T19:00,9.0,7.8,179,1006.5,98
2025-11-29T20:00,9.2,7.4,192,1006.4,97
2025-11-29T21:00,9.5,7.8,202,1006.4,97
2025-11-29T22:00,8.9,6.2,231,1007.1,99
2025-11-29T23:00,8.3,3.8,225,1007.7,92
2025-11-30T00:00,7.3,2.7,240,1008.1,92
2025-11-30T01:00,6.6,0.6,108,1008.7,94
2025-11-30T02:00,5.8,1.8,257,1009.2,96
2025-11-30T03:00,6.1,3.7,252,1009.3,98
2025-11-30T04:00,6.1,3.3,253,1009.2,97
2025-11-30T05:00,6.0,3.3,242,1010.1,98
2025-11-30T06:00,5.7,3.5,232,1010.7,100
2025-11-30T07:00,5.6,3.2,232,1011.0,99
2025-11-30T08:00,5.4,3.3,253,1012.3,99
2025-11-30T09:00,5.4,2.7,270,1012.6,99
2025-11-30T10:00,5.3,2.1,248,1013.0,99
2025-11-30T11:00,5.9,3.1,263,1013.6,89
2025-11-30T12:00,6.3,3.9,264,1014.1,79
2025-11-30T13:00,5.9,4.2,286,1014.2,77
2025-11-30T14:00,5.8,4.3,294,1014.9,75
2025-11-30T15:00,5.4,3.4,283,1016.2,73
2025-11-30T16:00,4.1,3.7,288,1016.8,76
2025-11-30T17:00,3.0,2.7,270,1017.2,83
2025-11-30T18:00,2.0,3.3,267,1018.1,87
2025-11-30T19:00,1.6,1.6,263,1018.5,89
2025-11-30T20:00,1.2,1.6,210,1019.2,91
2025-11-30T21:00,-0.2,1.9,114,1019.5,95
2025-11-30T22:00,-0.0,1.5,130,1019.9,95
2025-11-30T23:00,0.1,2.1,139,1020.0,95
2025-12-01T00:00,-0.7,2.5,141,1020.3,97
2025-12-01T01:00,-0.3,2.2,142,1020.5,97
2025-12-01T02:00,-0.1,3.1,145,1020.3,97
2025-12-01T03:00,-0.5,3.0,148,1020.3,98
2025-12-01T04:00,-0.1,3.6,151,1019.8,98
2025-12-01T05:00,-0.0,3.5,171,1019.8,99
2025-12-01T06:00,-0.3,4.6,160,1019.3,100
2025-12-01T07:00,0.0,4.6,158,1019.4,100
2025-12-01T08:00,0.3,5.5,157,1019.3,100
2025-12-01T09:00,0.6,5.9,157,1019.1,99
2025-12-01T10:00,1.0,6.5,164,1018.8,96
2025-12-01T11:00,1.8,7.0,161,1017.8,93
2025-12-01T12:00,3.7,6.9,169,1017.1,85
2025-12-01T13:00,4.0,7.1,172,1015.9,82
2025-12-01T14:00,4.1,6.4,177,1015.1,83
2025-12-01T15:00,4.4,7.1,169,1014.8,83
2025-12-01T16:00,3.7,8.0,167,1014.1,85
2025-12-01T17:00,3.4,7.5,173,1014.0,89
2025-12-01T18:00,3.6,7.1,164,1013.4,86
2025-12-01T19:00,3.0,7.6,165,1012.7,86
2025-12-01T20:00,3.2,8.0,166,1012.1,84
2025-12-01T21:00,3.6,8.3,164,1011.2,74
2025-12-01T22:00,3.1,7.4,168,1010.9,74
2025-12-01T23:00,3.0,6.2,156,1010.2,78
2025-12-02T00:00,3.6,7.1,159,1010.0,77
2025-12-02T01:00,2.6,6.0,165,1010.3,92
2025-12-02T02:00,2.3,5.7,152,1010.1,95
2025-12-02T03:00,2.8,5.9,169,1010.1,91
2025-12-02T04:00,2.6,6.9,155,1009.7,96
2025-12-02T05:00,2.6,6.1,162,1009.6,96
2025-12-02T06:00,3.1,5.9,157,1009.4,95
2025-12-02T07:00,2.7,4.5,137,1009.7,95
2025-12-02T08:00,3.1,5.6,151,1009.9,93
2025-12-02T09:00,4.0,5.4,131,1010.7,90
2025-12-02T10:00,4.4,4.6,144,1009.9,89
2025-12-02T11:00,5.6,5.2,160,1009.9,87
2025-12-02T12:00,6.7,6.0,159,1009.5,83
2025-12-02T13:00,6.8,5.1,176,1009.0,83
2025-12-02T14:00,6.7,4.5,170,1009.7,83
2025-12-02T15:00,6.7,4.3,162,1010.0,87
2025-12-02T16:00,6.4,5.0,154,1010.0,92
2025-12-02T17:00,6.3,4.9,164,1010.6,95
2025-12-02T18:00,6.4,5.1,155,1010.6,96
2025-12-02T19:00,6.1,5.1,151,1010.7,98
2025-12-02T20:00,5.8,4.7,180,1010.8,98
2025-12-02T21:00,6.2,4.9,164,1010.9,97
2025-12-02T22:00,5.8,5.0,169,1010.7,96
2025-12-02T23:00,5.7,4.2,152,1010.8,97
2025-12-03T00:00,6.1,4.5,170,1010.9,97
2025-12-03T01:00,5.8,3.7,174,1011.2,97
2025-12-03T02:00,5.3,3.1,158,1011.2,98
2025-12-03T03:00,5.4,2.6,171,1011.2,97
2025-12-03T04:00,5.1,2.5,135,1011.2,99
2025-12-03T05:00,4.9,3.2,169,1011.5,100
2025-12-03T06:00,5.3,2.8,155,1011.4,100
2025-12-03T07:00,5.2,2.6,189,1011.7,100
2025-12-03T08:00,5.2,2.5,176,1012.3,100
2025-12-03T09:00,5.4,1.8,174,1012.3,100
2025-12-03T10:00,5.5,3.0,169,1012.6,100
2025-12-03T11:00,5.8,2.7,172,1012.4,100
2025-12-03T12:00,6.2,3.9,189,1011.9,98
2025-12-03T13:00,6.0,2.0,209,1011.8,98
2025-12-03T14:00,6.3,2.1,180,1011.6,96
2025-12-03T15:00,6.2,2.0,163,1011.5,96
2025-12-03T16:00,6.0,2.9,160,1012.2,96
2025-12-03T17:00,5.9,2.6,171,1012.5,97
2025-12-03T18:00,5.9,3.2,169,1012.1,97
2025-12-03T19:00,5.7,3.1,158,1012.6,98
2025-12-03T20:00,5.6,4.3,156,1012.4,97
2025-12-03T21:00,5.3,3.6,164,1012.1,99
2025-12-03T22:00,5.0,3.0,165,1011.8,100
2025-12-03T23:00,4.6,4.1,161,1011.5,100
2025-12-04T00:00,5.9,3.2,191,1010.4,100
2025-12-04T01:00,5.2,4.1,155,1010.4,100
2025-12-04T02:00,5.1,5.0,164,1010.1,99
2025-12-04T03:00,5.5,5.6,168,1009.1,100
2025-12-04T04:00,5.0,5.3,172,1008.6,100
2025-12-04T05:00,4.9,4.1,175,1007.6,100
2025-12-04T06:00,4.8,7.9,164,1007.3,93
2025-12-04T07:00,4.5,6.5,163,1007.2,97
2025-12-04T08:00,4.2,8.6,157,1006.4,94
2025-12-04T09:00,4.7,8.0,146,1006.1,94
2025-12-04T10:00,4.8,8.5,150,1005.6,92
2025-12-04T11:00,5.1,8.5,143,1004.8,90
2025-12-04T12:00,6.0,7.8,153,1004.0,88
2025-12-04T13:00,5.7,7.9,149,1003.4,96
2025-12-04T14:00,5.9,6.5,157,1003.1,97
2025-12-04T15:00,6.0,6.2,152,1003.3,97
2025-12-04T16:00,6.0,5.1,187,1003.7,98
2025-12-04T17:00,5.9,4.0,194,1004.0,99
2025-12-04T18:00,5.7,4.2,196,1004.6,99
2025-12-04T19:00,5.5,3.3,187,1004.8,100
2025-12-04T20:00,5.4,2.4,189,1005.0,100
2025-12-04T21:00,5.5,2.0,169,1005.4,100
2025-12-04T22:00,5.4,2.5,157,1005.8,100
2025-12-04T23:00,5.3,2.5,157,1006.0,100
2025-12-05T00:00,5.5,2.0,186,1006.4,100
2025-12-05T01:00,5.2,2.3,180,1007.5,100
2025-12-05T02:00,4.8,2.5,176,1008.0,100
2025-12-05T03:00,4.9,2.3,180,1008.4,100
2025-12-05T04:00,4.8,2.7,159,1008.8,100
2025-12-05T05:00,4.5,2.7,172,1009.7,100
2025-12-05T06:00,4.8,2.7,184,1010.2,100
2025-12-05T07:00,4.4,4.0,194,1010.7,100
2025-12-05T08:00,3.7,3.4,193,1011.6,100
2025-12-05T09:00,3.6,3.6,167,1012.0,100
2025-12-05T10:00,3.7,4.5,185,1012.3,100
2025-12-05T11:00,3.8,4.3,190,1012.4,99
2025-12-05T12:00,4.2,4.5,185,1012.4,98
2025-12-05T13:00,4.3,4.7,178,1012.4,95
2025-12-05T14:00,4.0,5.5,172,1012.4,94
2025-12-05T15:00,3.7,6.3,171,1012.7,95
2025-12-05T16:00,3.5,7.0,180,1012.8,98
2025-12-05T17:00,3.6,6.8,175,1011.9,92
2025-12-05T18:00,3.6,7.4,175,1012.0,93
2025-12-05T19:00,3.7,8.2,168,1011.2,94
2025-12-05T20:00,3.8,8.3,164,1010.8,94
2025-12-05T21:00,4.3,8.1,159,1010.3,90
2025-12-05T22:00,4.2,7.6,165,1009.3,90
2025-12-05T23:00,4.3,10.0,159,1008.0,90
2025-12-06T00:00,4.4,10.2,159,1006.7,88
2025-12-06T01:00,4.3,8.8,155,1006.1,94
2025-12-06T02:00,4.1,7.9,164,1005.9,96
2025-12-06T03:00,4.5,9.9,177,1005.4,96
2025-12-06T04:00,4.7,7.5,173,1004.9,97
2025-12-06T05:00,5.0,7.0,182,1004.9,98
2025-12-06T06:00,5.3,6.0,182,1004.5,100
2025-12-06T07:00,5.7,7.0,183,1004.5,100
2025-12-06T08:00,6.0,6.7,187,1005.4,100
2025-12-06T09:00,6.4,5.9,186,1005.1,100
2025-12-06T10:00,7.0,6.3,189,1005.0,100
2025-12-06T11:00,7.4,5.5,188,1005.1,100
2025-12-06T12:00,9.1,10.0,219,1004.1,90
2025-12-06T13:00,9.0,8.2,211,1004.6,94
2025-12-06T14:00,9.0,7.3,230,1005.3,93
2025-12-06T15:00,9.1,7.2,216,1006.0,90
2025-12-06T16:00,9.0,7.1,212,1006.2,90
2025-12-06T17:00,8.7,6.1,215,1007.2,92
2025-12-06T18:00,8.8,6.5,213,1007.4,94
2025-12-06T19:00,8.6,7.0,214,1007.9,94
2025-12-06T20:00,8.0,6.6,212,1008.5,93
2025-12-06T21:00,8.3,5.5,207,1008.5,91
2025-12-06T22:00,7.8,7.0,210,1009.1,96
2025-12-06T23:00,7.6,6.1,211,1009.2,95
2025-12-07T00:00,7.9,5.2,211,1009.6,93
2025-12-07T01:00,7.8,5.1,209,1009.9,94
2025-12-07T02:00,7.7,4.7,199,1010.3,98
2025-12-07T03:00,7.9,4.7,199,1010.3,99
2025-12-07T04:00,8.1,4.7,199,1009.8,98
2025-12-07T05:00,8.0,4.4,193,1010.1,99
2025-12-07T06:00,8.1,4.0,191,1009.4,99
2025-12-07T07:00,8.3,5.3,176,1009.8,99
2025-12-07T08:00,8.4,6.9,188,1008.9,100
2025-12-07T09:00,8.7,6.8,185,1009.2,99
2025-12-07T10:00,8.9,5.8,180,1009.3,99
2025-12-07T11:00,9.1,5.5,174,1009.0,99
2025-12-07T12:00,9.7,6.6,183,1007.8,99
2025-12-07T13:00,9.6,5.8,178,1007.5,99
2025-12-07T14:00,9.6,4.9,175,1008.0,99
2025-12-07T15:00,10.1,3.9,183,1007.3,100
2025-12-07T16:00,10.9,5.1,198,1007.3,99
2025-12-07T17:00,11.5,5.0,196,1007.4,100
2025-12-07T18:00,12.3,7.3,209,1007.1,100
2025-12-07T19:00,12.6,8.3,227,1008.5,100
2025-12-07T20:00,12.3,6.3,220,1008.8,100
2025-12-07T21:00,12.5,4.9,217,1009.3,99
2025-12-07T22:00,12.6,8.0,223,1010.5,98
2025-12-07T23:00,12.2,4.0,227,1010.8,99
2025-12-08T00:00,12.0,4.7,197,1010.9,100
2025-12-08T01:00,12.2,4.8,223,1012.0,100
2025-12-08T02:00,12.4,5.9,236,1012.6,98
2025-12-08T03:00,12.2,3.7,183,1012.2,100
2025-12-08T04:00,12.3,6.4,211,1013.0,100
2025-12-08T05:00,12.2,6.3,206,1013.5,100
2025-12-08T06:00,12.3,6.1,197,1013.8,99
2025-12-08T07:00,12.1,6.8,200,1014.6,99
2025-12-08T08:00,12.0,7.4,200,1014.9,100
2025-12-08T09:00,11.9,6.5,196,1015.8,99
2025-12-08T10:00,11.8,5.9,186,1015.8,100
2025-12-08T11:00,11.9,6.1,191,1015.3,100
2025-12-08T12:00,12.2,5.8,206,1015.0,99
2025-12-08T13:00,12.2,6.2,208,1015.3,99
2025-12-08T14:00,12.4,5.9,197,1015.1,98
2025-12-08T15:00,12.4,5.9,212,1015.8,97
2025-12-08T16:00,12.4,5.6,200,1016.0,96
2025-12-08T17:00,12.2,6.9,190,1016.0,97
2025-12-08T18:00,11.9,6.0,201,1016.5,95
2025-12-08T19:00,11.9,5.7,207,1017.2,93
2025-12-08T20:00,11.6,4.8,201,1017.4,95
2025-12-08T21:00,10.8,4.7,156,1017.4,98
2025-12-08T22:00,10.8,5.0,167,1017.4,97
2025-12-08T23:00,10.4,4.4,165,1017.2,97
2025-12-09T00:00,10.0,3.9,147,1017.1,97
2025-12-09T01:00,9.6,2.5,141,1017.3,97
2025-12-09T02:00,9.2,3.1,150,1017.1,97
2025-12-09T03:00,9.7,4.6,147,1016.2,96
2025-12-09T04:00,9.6,5.3,156,1014.8,97
2025-12-09T05:00,9.2,4.6,158,1014.9,97
2025-12-09T06:00,9.3,4.8,153,1014.9,97
2025-12-09T07:00,9.1,6.0,165,1014.8,97
2025-12-09T08:00,8.7,7.0,174,1014.2,98
2025-12-09T09:00,9.0,5.9,171,1014.5,98
2025-12-09T10:00,9.9,5.6,168,1014.4,95
2025-12-09T11:00,10.7,6.4,177,1013.8,90
2025-12-09T12:00,11.7,7.2,178,1013.6,85
2025-12-09T13:00,12.0,7.0,183,1013.3,83
2025-12-09T14:00,12.0,6.1,174,1012.7,84
2025-12-09T15:00,11.6,6.3,164,1012.6,87
2025-12-09T16:00,11.1,6.2,175,1012.8,86
2025-12-09T17:00,10.6,6.1,173,1013.2,89
2025-12-09T18:00,10.5,6.8,180,1012.9,88
2025-12-09T19:00,10.9,7.2,183,1013.3,87
2025-12-09T20:00,10.8,6.6,183,1013.4,88
2025-12-09T21:00,10.7,6.2,182,1013.7,91
2025-12-09T22:00,10.6,5.3,190,1013.9,93
2025-12-09T23:00,10.8,6.5,197,1014.2,92
2025-12-10T00:00,10.3,6.0,193,1015.1,96
2025-12-10T01:00,10.4,4.2,193,1015.4,98
2025-12-10T02:00,10.6,4.1,185,1016.0,98
2025-12-10T03:00,10.5,3.3,183,1016.6,98
2025-12-10T04:00,10.4,3.3,177,1016.6,99
2025-12-10T05:00,10.4,3.0,203,1017.0,100
2025-12-10T06:00,10.4,3.4,196,1017.3,99
2025-12-10T07:00,10.5,3.2,213,1018.3,98
2025-12-10T08:00,10.3,2.7,201,1018.4,100
2025-12-10T09:00,10.5,4.0,194,1018.5,100
2025-12-10T10:00,10.8,5.0,211,1019.7,97
2025-12-10T11:00,11.0,5.2,214,1019.6,97
2025-12-10T12:00,11.4,5.2,214,1019.8,93
2025-12-10T13:00,11.4,6.6,214,1020.4,92
2025-12-10T14:00,11.7,4.0,241,1020.7,87
2025-12-10T15:00,11.6,3.5,251,1021.5,88
2025-12-10T16:00,10.9,3.3,225,1021.4,91
2025-12-10T17:00,10.5,4.0,247,1022.4,90
2025-12-10T18:00,10.4,3.5,251,1023.4,87
2025-12-10T19:00,10.2,3.5,264,1024.0,89
2025-12-10T20:00,9.5,2.6,228,1024.8,94
2025-12-10T21:00,8.7,2.7,240,1025.1,94
2025-12-10T22:00,8.5,2.6,243,1025.0,93
2025-12-10T23:00,7.7,1.6,166,1025.5,97
2025-12-11T00:00,6.5,2.0,174,1025.3,100
2025-12-11T01:00,6.3,1.8,139,1025.6,100
2025-12-11T02:00,6.5,1.9,156,1026.0,100
2025-12-11T03:00,6.3,2.3,149,1025.6,100
2025-12-11T04:00,6.8,2.1,131,1025.3,100
2025-12-11T05:00,7.0,2.3,160,1024.9,100
2025-12-11T06:00,6.7,2.1,175,1025.3,100
2025-12-11T07:00,6.8,2.2,153,1025.4,100
2025-12-11T08:00,7.0,2.0,169,1025.7,100
2025-12-11T09:00,7.2,2.0,174,1025.8,100
2025-12-11T10:00,7.6,3.1,173,1024.9,100
2025-12-11T11:00,7.9,3.1,162,1024.6,100
2025-12-11T12:00,8.2,3.3,163,1023.9,99
2025-12-11T13:00,8.6,3.9,153,1023.5,89
2025-12-11T14:00,8.8,4.8,137,1022.8,89
2025-12-11T15:00,8.7,5.4,150,1022.7,87
2025-12-11T16:00,8.3,6.1,163,1022.4,87
2025-12-11T17:00,8.1,6.4,145,1022.3,88
2025-12-11T18:00,8.1,6.0,155,1021.7,91
2025-12-11T19:00,8.0,5.9,157,1021.5,92
2025-12-11T20:00,7.9,4.9,157,1021.5,93
2025-12-11T21:00,8.3,5.7,158,1021.0,92
2025-12-11T22:00,8.2,5.6,155,1020.7,94
2025-12-11T23:00,8.3,5.0,159,1020.1,95
2025-12-12T00:00,8.2,4.9,151,1019.7,96
2025-12-12T01:00,8.1,5.0,149,1019.6,99
2025-12-12T02:00,8.1,5.6,160,1019.9,98
2025-12-12T03:00,8.1,5.4,165,1019.8,98
2025-12-12T04:00,8.0,4.9,151,1019.4,98
2025-12-12T05:00,7.9,4.7,161,1019.6,99
2025-12-12T06:00,8.0,4.7,161,1019.8,98
2025-12-12T07:00,7.9,5.2,158,1020.4,97
2025-12-12T08:00,7.7,5.7,156,1021.0,97
2025-12-12T09:00,8.0,5.7,164,1021.2,96
2025-12-12T10:00,8.2,6.1,171,1021.8,95
2025-12-12T11:00,8.4,4.7,178,1021.7,95
2025-12-12T12:00,8.7,4.1,177,1021.4,96
2025-12-12T13:00,9.0,4.7,178,1021.9,96
2025-12-12T14:00,9.1,3.7,174,1021.8,95
2025-12-12T15:00,8.9,3.8,165,1022.1,95
2025-12-12T16:00,8.7,3.7,174,1022.5,97
2025-12-12T17:00,8.3,3.2,155,1022.9,100
2025-12-12T18:00,8.4,3.0,165,1023.0,100
2025-12-12T19:00,8.1,3.9,160,1024.0,100
2025-12-12T20:00,7.6,4.4,142,1024.6,100
2025-12-12T21:00,7.5,3.9,153,1024.8,100
2025-12-12T22:00,7.2,2.7,135,1025.3,100
2025-12-12T23:00,7.1,1.4,164,1025.6,100
2025-12-13T00:00,6.9,2.5,135,1026.1,100
2025-12-13T01:00,7.1,0.8,180,1026.8,100
2025-12-13T02:00,7.0,1.2,141,1026.8,100
2025-12-13T03:00,6.9,1.3,153,1026.9,100
2025-12-13T04:00,7.0,0.8,194,1026.9,100
2025-12-13T05:00,7.0,1.2,141,1027.1,100
2025-12-13T06:00,6.9,1.1,121,1027.7,100
2025-12-13T07:00,6.9,1.0,158,1027.8,100
2025-12-13T08:00,7.0,1.0,202,1028.2,100
2025-12-13T09:00,6.9,1.4,188,1028.7,100
2025-12-13T10:00,7.2,1.2,180,1029.0,100
2025-12-13T11:00,7.4,1.2,180,1029.0,99
2025-12-13T12:00,7.5,1.2,180,1028.9,99
2025-12-13T13:00,7.7,1.7,249,1028.7,100
2025-12-13T14:00,8.0,1.6,240,1028.4,94
2025-12-13T15:00,7.9,1.7,180,1028.3,94
2025-12-13T16:00,7.5,1.0,248,1029.0,98
2025-12-13T17:00,7.4,1.0,281,1029.1,97
2025-12-13T18:00,7.2,1.2,129,1029.1,99
2025-12-13T19:00,7.2,1.2,189,1029.1,98
2025-12-13T20:00,7.0,1.0,143,1029.4,99
2025-12-13T21:00,7.1,1.2,162,1029.4,99
2025-12-13T22:00,7.0,1.8,198,1029.1,99
2025-12-13T23:00,6.9,2.3,180,1028.6,100
2025-12-14T00:00,6.8,2.3,180,1028.2,100
2025-12-14T01:00,6.8,2.9,222,1028.3,98
2025-12-14T02:00,6.7,2.1,185,1028.3,100
2025-12-14T03:00,6.5,4.5,198,1028.1,100
2025-12-14T04:00,6.2,3.3,201,1027.8,100
2025-12-14T05:00,6.0,3.2,191,1027.3,100
2025-12-14T06:00,5.9,2.7,176,1026.9,100
2025-12-14T07:00,5.9,3.3,163,1027.0,100
2025-12-14T08:00,5.8,3.4,164,1026.8,100
2025-12-14T09:00,5.8,4.2,169,1026.9,100
2025-12-14T10:00,5.9,4.5,173,1026.9,99
2025-12-14T11:00,6.1,5.3,176,1026.5,96
2025-12-14T12:00,5.8,5.5,174,1025.8,96
2025-12-14T13:00,6.0,4.7,175,1025.1,95
2025-12-14T14:00,6.0,5.5,162,1024.5,94
2025-12-14T15:00,5.4,5.6,160,1024.1,95
2025-12-14T16:00,5.2,5.7,164,1023.2,97
2025-12-14T17:00,5.0,5.3,161,1022.8,99
2025-12-14T18:00,4.5,6.6,156,1022.6,97
2025-12-14T19:00,4.3,5.5,162,1022.5,98
2025-12-14T20:00,3.9,5.7,153,1022.3,98
2025-12-14T21:00,3.8,5.7,156,1021.8,100
2025-12-14T22:00,3.7,5.9,157,1021.7,99
2025-12-14T23:00,3.7,5.6,155,1021.3,100
2025-12-15T00:00,3.7,5.8,159,1020.5,100
2025-12-15T01:00,3.8,6.0,155,1020.3,100
2025-12-15T02:00,3.8,6.7,163,1020.2,100
2025-12-15T03:00,3.6,6.5,170,1019.8,100
2025-12-15T04:00,3.0,6.8,167,1018.9,98
2025-12-15T05:00,2.8,6.9,158,1018.4,100
2025-12-15T06:00,2.8,6.6,159,1018.0,100
2025-12-15T07:00,3.0,6.8,160,1017.7,100
2025-12-15T08:00,3.2,6.2,156,1017.3,98
2025-12-15T09:00,3.8,5.9,153,1016.8,95
2025-12-15T10:00,4.4,5.6,155,1016.6,91
2025-12-15T11:00,5.2,6.0,155,1015.9,89
2025-12-15T12:00,6.0,6.1,153,1015.1,89
2025-12-15T13:00,7.1,6.0,155,1013.7,87
2025-12-15T14:00,7.7,6.1,158,1013.1,90
2025-12-15T15:00,7.3,4.9,146,1013.1,96
2025-12-15T16:00,7.0,4.3,141,1013.3,97
2025-12-15T17:00,6.6,3.7,133,1013.4,97
2025-12-15T18:00,6.5,4.3,126,1013.3,96
2025-12-15T19:00,6.7,4.4,135,1013.8,96
2025-12-15T20:00,6.5,4.3,137,1013.4,95
2025-12-15T21:00,7.0,5.0,154,1013.0,96
2025-12-15T22:00,6.7,4.0,141,1012.8,94
2025-12-15T23:00,6.2,4.4,142,1012.7,94
2025-12-16T00:00,6.8,5.1,143,1011.9,92
2025-12-16T01:00,6.5,4.3,137,1011.5,91
2025-12-16T02:00,6.4,5.0,138,1011.5,90
2025-12-16T03:00,6.3,5.0,141,1011.6,89
2025-12-16T04:00,6.1,4.0,133,1011.6,88
2025-12-16T05:00,5.5,2.0,119,1011.4,90
2025-12-16T06:00,6.3,3.2,133,1012.1,84
2025-12-16T07:00,6.0,2.9,138,1012.6,85
2025-12-16T08:00,6.3,2.7,120,1012.5,83
2025-12-16T09:00,7.0,3.1,120,1013.3,83
2025-12-16T10:00,8.1,4.3,141,1013.8,74
2025-12-16T11:00,8.9,3.6,151,1013.6,69
2025-12-16T12:00,9.5,4.0,145,1013.7,65
2025-12-16T13:00,9.6,3.7,141,1012.9,67
2025-12-16T14:00,9.3,3.6,167,1013.3,73
2025-12-16T15:00,8.5,2.8,164,1013.4,78
2025-12-16T16:00,7.7,1.9,143,1013.6,80
2025-12-16T17:00,6.9,2.9,143,1013.9,84
2025-12-16T18:00,6.9,4.6,152,1014.5,82
2025-12-16T19:00,6.2,3.0,153,1015.2,87
2025-12-16T20:00,6.1,2.7,159,1015.3,87
2025-12-16T21:00,5.4,2.2,153,1015.5,88
2025-12-16T22:00,4.9,2.1,131,1015.7,90
2025-12-16T23:00,4.1,1.9,127,1015.9,94
2025-12-17T00:00,3.4,0.8,90,1016.5,96
2025-12-17T01:00,2.6,0.4,297,1017.0,98
2025-12-17T02:00,3.0,1.0,158,1016.8,96
2025-12-17T03:00,4.0,1.0,53,1016.5,95
2025-12-17T04:00,4.2,0.3,135,1017.3,95
2025-12-17T05:00,4.7,1.4,164,1017.7,94
2025-12-17T06:00,5.1,1.6,194,1018.1,93
2025-12-17T07:00,5.1,2.1,158,1019.0,93
2025-12-17T08:00,5.2,1.8,162,1019.9,96
2025-12-17T09:00,5.2,2.0,174,1020.5,97
2025-12-17T10:00,5.2,2.5,162,1020.9,98
2025-12-17T11:00,5.5,2.5,184,1020.9,97
2025-12-17T12:00,6.4,2.7,184,1020.3,98
2025-12-17T13:00,6.6,2.2,190,1020.3,99
2025-12-17T14:00,6.9,3.5,186,1020.0,100
2025-12-17T15:00,6.8,3.4,167,1019.8,100
2025-12-17T16:00,6.9,4.7,171,1019.7,100
2025-12-17T17:00,6.8,5.7,164,1019.8,100
2025-12-17T18:00,6.9,3.5,207,1020.0,100
2025-12-17T19:00,6.8,5.2,193,1020.4,100
2025-12-17T20:00,6.8,5.5,188,1020.4,99
2025-12-17T21:00,7.0,7.2,183,1020.8,97
2025-12-17T22:00,6.8,6.0,178,1020.2,99
2025-12-17T23:00,6.8,7.4,182,1020.6,99
2025-12-18T00:00,6.9,6.1,187,1020.4,95
2025-12-18T01:00,6.9,6.6,180,1019.8,98
2025-12-18T02:00,7.0,7.6,174,1019.7,96
2025-12-18T03:00,7.2,7.6,181,1020.3,92
2025-12-18T04:00,6.6,6.4,180,1019.5,94
2025-12-18T05:00,6.7,7.2,182,1019.3,97
2025-12-18T06:00,7.6,8.6,183,1018.7,95
2025-12-18T07:00,7.5,8.6,183,1018.6,95
2025-12-18T08:00,7.3,8.2,183,1018.9,95
2025-12-18T09:00,7.7,8.2,176,1018.9,93
2025-12-18T10:00,8.2,7.7,171,1018.6,90
2025-12-18T11:00,8.7,9.1,169,1017.6,88
2025-12-18T12:00,9.6,9.6,175,1016.4,84
2025-12-18T13:00,9.7,8.7,168,1016.0,85
2025-12-18T14:00,10.0,8.6,174,1015.1,83
2025-12-18T15:00,10.1,8.3,159,1014.5,81
2025-12-18T16:00,9.6,7.9,160,1014.2,82
2025-12-18T17:00,9.2,8.4,158,1013.8,86
2025-12-18T18:00,9.5,9.1,160,1013.8,84
2025-12-18T19:00,9.7,8.2,162,1014.5,84
2025-12-18T20:00,9.8,8.7,168,1014.6,86
2025-12-18T21:00,10.2,7.6,176,1014.6,83
2025-12-18T22:00,9.9,8.4,180,1014.6,84
2025-12-18T23:00,9.9,9.0,187,1015.0,83
2025-12-19T00:00,10.3,8.4,185,1015.0,79
2025-12-19T01:00,10.3,9.2,185,1015.0,79
2025-12-19T02:00,9.8,8.8,184,1015.3,87
2025-12-19T03:00,9.7,8.8,186,1015.2,92
2025-12-19T04:00,9.9,7.9,189,1015.3,90
2025-12-19T05:00,10.1,8.1,190,1015.7,89
2025-12-19T06:00,9.6,5.8,195,1015.9,97
2025-12-19T07:00,9.6,5.8,184,1016.6,98
2025-12-19T08:00,9.6,5.7,186,1017.5,99
2025-12-19T09:00,9.8,5.0,208,1017.9,99
2025-12-19T10:00,9.9,2.4,235,1018.4,99
2025-12-19T11:00,10.0,3.5,251,1019.1,93
2025-12-19T12:00,10.3,4.3,243,1019.0,95
2025-12-19T13:00,9.7,3.4,294,1019.2,90
2025-12-19T14:00,9.6,2.8,258,1020.0,87
2025-12-19T15:00,9.1,2.0,287,1020.2,88
2025-12-19T16:00,8.0,2.3,318,1020.4,90
2025-12-19T17:00,6.6,0.8,315,1020.9,96
2025-12-19T18:00,6.0,0.4,90,1021.2,98
2025-12-19T19:00,4.9,1.0,323,1021.4,99
2025-12-19T20:00,4.5,0.8,14,1021.4,99
2025-12-19T21:00,4.4,1.3,117,1021.4,99
2025-12-19T22:00,4.0,1.6,330,1021.0,99
2025-12-19T23:00,3.2,0.6,90,1020.8,100
2025-12-20T00:00,2.9,1.3,63,1020.4,100
2025-12-20T01:00,2.7,1.4,74,1020.5,100
2025-12-20T02:00,2.3,0.8,90,1020.5,100
2025-12-20T03:00,1.8,1.2,39,1019.8,100
2025-12-20T04:00,2.0,2.9,356,1018.7,100
2025-12-20T05:00,2.1,1.7,21,1018.3,99
2025-12-20T06:00,1.8,1.6,45,1018.0,99
2025-12-20T07:00,2.4,1.7,36,1018.0,98
2025-12-20T08:00,3.6,3.5,90,1017.2,99
2025-12-20T09:00,4.8,3.3,93,1016.6,99
2025-12-20T10:00,6.1,1.6,97,1016.3,98
2025-12-20T11:00,7.2,2.6,103,1015.0,96
2025-12-20T12:00,7.8,1.9,114,1014.1,97
2025-12-20T13:00,8.4,2.5,108,1013.2,96
2025-12-20T14:00,8.8,3.6,139,1012.8,95
2025-12-20T15:00,8.4,4.1,131,1012.7,97
2025-12-20T16:00,8.3,4.2,146,1012.9,99
2025-12-20T17:00,8.2,4.0,141,1012.7,100
2025-12-20T18:00,8.4,4.2,143,1012.2,100
2025-12-20T19:00,8.5,4.3,141,1012.0,100
2025-12-20T20:00,8.7,4.3,150,1012.4,99
2025-12-20T21:00,9.0,4.2,143,1012.2,97
2025-12-20T22:00,8.8,4.3,141,1011.8,97
2025-12-20T23:00,8.7,5.0,132,1011.2,98
2025-12-21T00:00,9.7,5.4,139,1011.0,99
2025-12-21T01:00,9.6,4.4,151,1011.3,98
2025-12-21T02:00,9.4,4.7,145,1011.6,99
2025-12-21T03:00,9.6,4.4,128,1011.1,98
2025-12-21T04:00,9.3,3.7,133,1011.1,98
2025-12-21T05:00,9.2,4.8,137,1011.2,98
2025-12-21T06:00,9.6,4.7,142,1010.8,98
2025-12-21T07:00,9.3,3.0,148,1011.0,98
2025-12-21T08:00,8.9,3.8,125,1011.3,98
2025-12-21T09:00,9.5,4.0,113,1010.9,96
2025-12-21T10:00,10.0,4.4,128,1010.8,94
2025-12-21T11:00,10.9,3.6,126,1010.2,85
2025-12-21T12:00,11.1,3.5,153,1009.3,87
2025-12-21T13:00,11.5,2.1,124,1008.7,84
2025-12-21T14:00,11.9,3.9,90,1008.2,80
2025-12-21T15:00,11.5,3.1,94,1007.9,82
2025-12-21T16:00,10.1,1.7,90,1007.2,86
2025-12-21T17:00,9.1,2.2,63,1006.8,85
2025-12-21T18:00,8.1,2.3,160,1007.0,80
2025-12-21T19:00,7.0,1.5,130,1006.8,77
2025-12-21T20:00,6.4,3.6,144,1007.1,76
2025-12-21T21:00,6.7,4.9,157,1007.7,76
2025-12-21T22:00,6.5,5.2,138,1007.7,75
2025-12-21T23:00,6.2,5.5,135,1007.6,77
2025-12-22T00:00,5.6,3.7,122,1007.9,81
2025-12-22T01:00,5.3,3.9,110,1007.9,80
2025-12-22T02:00,5.4,4.2,124,1008.6,78
2025-12-22T03:00,5.0,3.8,102,1007.9,79
2025-12-22T04:00,5.0,3.4,106,1008.5,78
2025-12-22T05:00,4.9,2.8,115,1008.9,78
2025-12-22T06:00,4.5,2.8,124,1009.2,81
2025-12-22T07:00,4.1,2.2,135,1009.6,82
2025-12-22T08:00,4.4,2.0,119,1010.0,80
2025-12-22T09:00,4.3,1.7,144,1010.4,84
2025-12-22T10:00,5.5,2.2,165,1010.6,78
2025-12-22T11:00,6.9,2.6,144,1010.8,75
2025-12-22T12:00,8.3,2.0,163,1009.8,74
2025-12-22T13:00,9.3,1.6,180,1009.4,72
2025-12-22T14:00,8.6,1.4,90,1009.0,79
2025-12-22T15:00,8.2,2.3,175,1009.1,84
2025-12-22T16:00,6.4,2.9,200,1009.5,92
2025-12-22T17:00,5.2,0.7,56,1010.1,95
2025-12-22T18:00,3.9,0.6,90,1010.1,98
2025-12-22T19:00,3.1,1.4,98,1010.7,99
2025-12-22T20:00,2.8,0.9,117,1011.0,99
2025-12-22T21:00,2.2,2.0,84,1011.1,99
2025-12-22T22:00,2.0,2.9,188,1011.6,96
2025-12-22T23:00,1.9,2.9,138,1011.7,94
2025-12-23T00:00,1.4,1.6,135,1011.5,96
2025-12-23T01:00,0.8,0.7,34,1011.7,97
2025-12-23T02:00,0.2,0.8,360,1012.0,99
2025-12-23T03:00,0.2,2.3,42,1012.0,100
2025-12-23T04:00,0.6,2.1,360,1012.0,98
2025-12-23T05:00,0.5,2.5,360,1012.0,96
2025-12-23T06:00,1.2,3.1,356,1012.1,94
2025-12-23T07:00,1.0,4.1,8,1012.5,97
2025-12-23T08:00,0.8,2.3,360,1013.3,99
2025-12-23T09:00,1.4,2.6,13,1013.6,97
2025-12-23T10:00,2.8,3.1,7,1013.8,92
2025-12-23T11:00,4.7,2.5,32,1013.6,78
2025-12-23T12:00,5.2,2.6,36,1013.4,79
2025-12-23T13:00,5.5,3.8,12,1013.6,77
2025-12-23T14:00,5.6,3.7,25,1014.2,76
2025-12-23T15:00,4.4,3.9,33,1015.0,84
2025-12-23T16:00,3.2,4.1,25,1015.4,84
2025-12-23T17:00,2.7,4.6,33,1016.3,84
2025-12-23T18:00,2.6,4.7,35,1017.4,82
2025-12-23T19:00,2.1,4.7,30,1017.9,84
2025-12-23T20:00,1.6,5.7,27,1018.6,86
2025-12-23T21:00,1.5,6.3,36,1018.8,84
2025-12-23T22:00,1.5,6.3,43,1019.5,82
2025-12-23T23:00,1.3,6.2,44,1020.1,82
2025-12-24T00:00,1.6,6.8,35,1020.7,79
2025-12-24T01:00,1.4,5.8,42,1021.2,79
2025-12-24T02:00,1.1,5.8,42,1022.4,76
2025-12-24T03:00,1.6,6.9,40,1022.4,70
2025-12-24T04:00,1.4,5.5,39,1022.3,74
2025-12-24T05:00,1.0,6.0,38,1023.0,77
2025-12-24T06:00,1.2,4.4,29,1023.0,70
2025-12-24T07:00,0.6,5.4,35,1023.5,68
2025-12-24T08:00,0.3,7.7,43,1024.6,63
2025-12-24T09:00,0.2,6.7,36,1025.4,61
2025-12-24T10:00,0.7,7.3,46,1026.0,48
2025-12-24T11:00,1.1,11.2,51,1026.1,51
2025-12-24T12:00,1.7,7.7,49,1025.2,50
2025-12-24T13:00,1.9,9.4,52,1024.7,51
2025-12-24T14:00,1.9,10.2,47,1025.0,50
2025-12-24T15:00,1.3,10.5,34,1025.1,48
2025-12-24T16:00,-0.0,10.0,33,1025.2,57
2025-12-24T17:00,-0.7,10.6,36,1025.0,68
2025-12-24T18:00,-0.8,9.5,43,1024.8,64
2025-12-24T19:00,-1.3,10.2,40,1024.6,59
2025-12-24T20:00,-1.7,10.5,39,1024.5,63
2025-12-24T21:00,-1.5,8.7,40,1023.9,51
2025-12-24T22:00,-1.7,8.4,46,1023.4,46
2025-12-24T23:00,-1.8,9.5,39,1023.5,55
2025-12-25T00:00,-2.0,9.1,40,1023.3,58
2025-12-25T01:00,-2.0,7.8,42,1023.1,60
2025-12-25T02:00,-1.7,8.1,40,1023.6,60
2025-12-25T03:00,-2.1,6.9,32,1023.6,67
2025-12-25T04:00,-2.0,5.5,45,1024.0,64
2025-12-25T05:00,-1.6,6.6,69,1024.4,61
2025-12-25T06:00,-3.0,5.7,59,1024.8,64
2025-12-25T07:00,-3.1,4.6,40,1025.1,71
2025-12-25T08:00,-2.7,4.9,37,1025.2,73
2025-12-25T09:00,-1.9,5.4,41,1025.1,69
2025-12-25T10:00,-0.6,5.7,62,1025.0,62
2025-12-25T11:00,0.4,6.0,77,1024.9,57
2025-12-25T12:00,0.9,4.7,83,1024.2,64
2025-12-25T13:00,1.6,5.0,79,1023.5,58
2025-12-25T14:00,1.6,4.5,80,1024.0,57
2025-12-25T15:00,0.6,4.0,79,1024.6,63
2025-12-25T16:00,-0.1,3.3,73,1024.4,65
2025-12-25T17:00,-0.6,3.7,51,1024.8,69
2025-12-25T18:00,-1.4,3.1,35,1024.7,77
2025-12-25T19:00,-1.2,3.5,38,1024.8,75
2025-12-25T20:00,-0.9,3.4,47,1025.5,74
2025-12-25T21:00,-2.2,2.5,4,1025.3,86
2025-12-25T22:00,-2.2,3.7,9,1025.3,84
2025-12-25T23:00,-2.0,5.1,18,1025.9,83
2025-12-26T00:00,-2.3,4.1,8,1025.9,84
2025-12-26T01:00,-2.4,3.9,360,1025.9,85
2025-12-26T02:00,-2.4,4.8,14,1026.1,86
2025-12-26T03:00,-2.6,4.2,13,1025.6,89
2025-12-26T04:00,-2.5,3.9,3,1025.8,88
2025-12-26T05:00,-2.5,3.9,18,1025.5,87
2025-12-26T06:00,-3.1,2.6,17,1025.8,91
2025-12-26T07:00,-3.6,2.4,14,1026.3,91
2025-12-26T08:00,-3.5,2.0,29,1026.5,90
2025-12-26T09:00,-3.1,1.1,45,1027.0,89
2025-12-26T10:00,-0.7,1.4,16,1026.7,74
2025-12-26T11:00,1.8,2.0,101,1027.1,64
2025-12-26T12:00,2.7,1.6,45,1027.1,62
2025-12-26T13:00,3.5,2.4,29,1026.7,67
2025-12-26T14:00,3.2,1.8,18,1027.1,72
2025-12-26T15:00,2.6,2.0,17,1027.2,76
2025-12-26T16:00,0.9,2.9,360,1027.6,77
2025-12-26T17:00,-0.2,2.6,13,1027.9,83
2025-12-26T18:00,-1.2,2.7,4,1028.3,89
2025-12-26T19:00,-0.8,3.5,9,1029.0,82
2025-12-26T20:00,-0.2,3.7,9,1029.2,79
2025-12-26T21:00,-0.7,3.4,13,1029.2,84
2025-12-26T22:00,-0.6,3.4,13,1029.6,83
2025-12-26T23:00,-0.3,3.5,9,1029.7,81
2025-12-27T00:00,-0.4,4.5,5,1029.3,82
2025-12-27T01:00,-0.1,5.3,358,1029.7,77
2025-12-27T02:00,0.3,5.1,2,1029.6,75
2025-12-27T03:00,0.2,4.9,7,1029.6,78
2025-12-27T04:00,0.1,4.7,353,1029.3,78
2025-12-27T05:00,-0.1,5.1,358,1029.3,78
2025-12-27T06:00,0.4,5.6,360,1029.1,72
2025-12-27T07:00,0.8,5.7,356,1029.2,66
2025-12-27T08:00,0.6,4.4,345,1029.5,65
2025-12-27T09:00,1.8,1.7,21,1030.1,62
2025-12-27T10:00,2.4,4.0,11,1030.3,61
2025-12-27T11:00,3.0,4.5,360,1031.0,59
2025-12-27T12:00,4.2,3.7,9,1030.5,56
2025-12-27T13:00,4.6,3.1,360,1030.1,59
2025-12-27T14:00,4.4,2.3,355,1029.6,64
2025-12-27T15:00,4.7,4.5,7,1029.8,56
2025-12-27T16:00,3.7,4.9,9,1030.3,57
2025-12-27T17:00,2.1,3.9,3,1030.3,67
2025-12-27T18:00,1.6,4.5,358,1030.6,69
2025-12-27T19:00,1.3,6.0,2,1031.5,69
2025-12-27T20:00,0.7,4.7,358,1031.5,68
2025-12-27T21:00,0.9,5.0,349,1030.9,67
2025-12-27T22:00,1.5,6.8,2,1031.2,67
2025-12-27T23:00,0.9,7.4,5,1031.3,69
2025-12-28T00:00,0.1,6.2,5,1031.4,88
2025-12-28T01:00,0.5,5.1,2,1030.9,95
2025-12-28T02:00,0.8,5.5,6,1031.1,97
2025-12-28T03:00,1.1,5.9,17,1031.3,98
2025-12-28T04:00,1.6,5.5,23,1030.9,97
2025-12-28T05:00,1.3,4.6,22,1030.7,97
2025-12-28T06:00,1.1,3.6,16,1030.2,97
2025-12-28T07:00,0.4,3.8,15,1030.5,97
2025-12-28T08:00,0.2,4.5,18,1031.0,97
2025-12-28T09:00,1.0,3.3,17,1030.9,96
2025-12-28T10:00,2.1,2.9,28,1030.6,89
2025-12-28T11:00,3.3,3.0,79,1030.1,76
2025-12-28T12:00,4.1,3.5,81,1029.1,67
2025-12-28T13:00,4.9,3.8,35,1028.1,64
2025-12-28T14:00,4.0,4.4,13,1028.3,74
2025-12-28T15:00,3.5,3.9,20,1028.0,75
2025-12-28T16:00,2.3,4.9,9,1027.6,79
2025-12-28T17:00,1.4,5.4,13,1027.5,85
2025-12-28T18:00,0.5,4.5,7,1027.7,87
2025-12-28T19:00,0.3,3.9,360,1027.7,85
2025-12-28T20:00,0.2,4.3,357,1027.6,81
2025-12-28T21:00,-0.3,4.1,5,1026.8,81
2025-12-28T22:00,-0.2,3.9,6,1026.2,72
2025-12-28T23:00,-0.3,3.5,354,1026.0,68
2025-12-29T00:00,-1.0,3.7,360,1025.6,75
2025-12-29T01:00,-1.0,3.3,360,1025.1,70
2025-12-29T02:00,-1.0,3.7,357,1025.9,63
2025-12-29T03:00,-1.8,3.5,354,1026.1,63
2025-12-29T04:00,-1.7,3.7,351,1025.8,60
2025-12-29T05:00,-1.5,3.5,6,1025.2,58
2025-12-29T06:00,-1.9,4.7,360,1025.4,61
2025-12-29T07:00,-2.0,3.7,351,1025.5,64
2025-12-29T08:00,-1.9,3.7,351,1026.1,61
2025-12-29T09:00,-0.8,4.5,355,1026.0,53
2025-12-29T10:00,0.3,5.6,360,1026.4,56
2025-12-29T11:00,1.1,5.3,6,1025.7,62
2025-12-29T12:00,0.8,7.1,16,1025.2,88
2025-12-29T13:00,1.2,6.0,21,1024.8,85
2025-12-29T14:00,1.2,6.5,23,1024.8,89
2025-12-29T15:00,1.0,6.4,23,1025.1,92
2025-12-29T16:00,0.7,6.5,27,1025.0,95
2025-12-29T17:00,0.5,5.0,28,1025.2,97
2025-12-29T18:00,1.1,6.4,31,1025.0,94
2025-12-29T19:00,0.7,5.7,22,1025.5,94
2025-12-29T20:00,0.4,5.1,32,1025.5,95
2025-12-29T21:00,1.2,4.9,34,1025.7,96
2025-12-29T22:00,0.9,3.9,37,1026.1,97
2025-12-29T23:00,0.6,2.9,28,1026.4,99
2025-12-30T00:00,1.2,2.3,42,1026.4,98
2025-12-30T01:00,1.4,6.2,24,1026.9,97
2025-12-30T02:00,0.9,5.3,28,1027.2,97
2025-12-30T03:00,1.4,5.3,33,1027.4,93
2025-12-30T04:00,1.0,4.7,30,1027.5,95
2025-12-30T05:00,0.7,5.0,28,1027.6,94
2025-12-30T06:00,0.6,5.7,18,1027.8,90
2025-12-30T07:00,0.1,5.1,23,1028.3,89
2025-12-30T08:00,-0.1,6.6,21,1028.9,89
2025-12-30T09:00,0.0,3.7,32,1029.5,88
2025-12-30T10:00,1.2,3.7,25,1029.8,76
2025-12-30T11:00,1.8,5.5,23,1030.0,74
2025-12-30T12:00,2.6,7.6,29,1029.3,68
2025-12-30T13:00,2.9,6.9,25,1028.9,58
2025-12-30T14:00,2.6,6.2,28,1029.4,64
2025-12-30T15:00,2.4,6.1,31,1029.7,63
2025-12-30T16:00,1.2,5.1,23,1030.2,73
2025-12-30T17:00,0.3,3.6,16,1030.3,84
2025-12-30T18:00,-0.3,3.7,28,1030.2,86
2025-12-30T19:00,-0.3,4.3,24,1030.6,83
2025-12-30T20:00,-0.5,3.1,22,1030.6,84
2025-12-30T21:00,-0.4,3.5,19,1030.7,84
2025-12-30T22:00,-0.7,3.1,356,1030.9,85
2025-12-30T23:00,-1.1,2.5,356,1030.5,90
2025-12-31T00:00,-2.2,1.6,7,1030.4,96
2025-12-31T01:00,-2.1,3.5,354,1030.5,95
2025-12-31T02:00,-2.1,1.8,347,1030.4,96
2025-12-31T03:00,-2.7,1.6,346,1029.8,95
2025-12-31T04:00,-2.7,1.4,34,1029.5,95
2025-12-31T05:00,-3.3,0.6,198,1028.9,98
2025-12-31T06:00,-2.7,2.1,355,1028.6,94
2025-12-31T07:00,-3.3,0.4,90,1029.1,96
2025-12-31T08:00,-3.8,0.3,135,1028.8,98
2025-12-31T09:00,-2.5,0.8,180,1028.8,97
2025-12-31T10:00,-0.1,1.2,219,1028.6,85
2025-12-31T11:00,1.2,1.0,217,1028.5,85
2025-12-31T12:00,1.2,2.6,189,1027.6,92
2025-12-31T13:00,1.0,2.7,201,1027.1,91
2025-12-31T14:00,1.3,1.9,225,1026.7,90
2025-12-31T15:00,1.2,0.4,297,1026.1,96
2025-12-31T16:00,0.7,1.9,270,1026.0,98
2025-12-31T17:00,0.2,2.0,241,1025.8,100
2025-12-31T18:00,0.5,2.0,259,1025.3,99
2025-12-31T19:00,0.3,3.5,297,1024.7,97
2025-12-31T20:00,-0.2,2.4,256,1024.2,98
2025-12-31T21:00,-0.2,2.1,248,1023.8,99
2025-12-31T22:00,-0.3,3.5,251,1023.0,95
2025-12-31T23:00,-0.6,3.0,247,1022.3,97
2026-01-01T00:00,0.1,3.0,238,1021.1,97
2026-01-01T01:00,-0.1,3.2,232,1020.5,98
2026-01-01T02:00,-0.2,3.3,208,1020.1,98
2026-01-01T03:00,-0.1,3.4,223,1019.3,98
2026-01-01T04:00,-0.3,4.0,231,1018.5,98
2026-01-01T05:00,-0.3,4.0,219,1017.2,99
2026-01-01T06:00,0.2,4.4,221,1015.5,97
2026-01-01T07:00,0.0,4.9,233,1014.9,98
2026-01-01T08:00,0.0,5.4,221,1014.1,98
2026-01-01T09:00,0.4,5.9,224,1013.1,92
2026-01-01T10:00,0.2,6.0,225,1013.2,92
2026-01-01T11:00,0.4,6.3,220,1012.1,93
2026-01-01T12:00,0.6,7.2,223,1010.8,93
2026-01-01T13:00,0.8,5.0,222,1009.9,95
2026-01-01T14:00,1.1,5.0,222,1009.2,96
2026-01-01T15:00,1.1,5.9,226,1008.4,95
2026-01-01T16:00,1.0,5.2,222,1008.0,98
2026-01-01T17:00,0.8,5.2,228,1007.6,98
2026-01-01T18:00,0.7,4.7,215,1006.9,99
2026-01-01T19:00,0.7,5.4,224,1007.0,98
2026-01-01T20:00,0.8,4.4,225,1006.5,100
2026-01-01T21:00,1.1,5.3,242,1006.0,98
2026-01-01T22:00,1.4,5.2,250,1005.7,99
2026-01-01T23:00,1.6,6.2,246,1005.5,99
2026-01-02T00:00,1.5,5.7,239,1005.5,99
2026-01-02T01:00,1.3,7.1,244,1004.7,98
2026-01-02T02:00,1.3,7.1,253,1004.6,97
2026-01-02T03:00,1.7,7.4,265,1004.7,96
2026-01-02T04:00,1.3,6.6,268,1004.5,96
2026-01-02T05:00,1.0,6.2,272,1004.3,97
2026-01-02T06:00,0.8,6.0,272,1004.5,89
2026-01-02T07:00,0.0,5.5,266,1004.6,93
2026-01-02T08:00,0.0,5.6,245,1004.8,96
2026-01-02T09:00,0.3,5.1,233,1004.3,95
2026-01-02T10:00,0.6,5.8,230,1004.2,95
2026-01-02T11:00,0.8,6.6,246,1004.0,94
2026-01-02T12:00,1.0,4.0,259,1003.8,89
2026-01-02T13:00,1.1,5.3,262,1003.2,88
2026-01-02T14:00,1.0,4.9,279,1003.8,88
2026-01-02T15:00,0.5,5.4,296,1004.0,83
2026-01-02T16:00,0.0,5.5,287,1004.6,74
2026-01-02T17:00,-0.3,5.5,293,1005.4,76
2026-01-02T18:00,-0.5,4.9,288,1006.0,77
2026-01-02T19:00,-0.7,6.2,294,1006.4,79
2026-01-02T20:00,-0.8,6.4,305,1006.8,78
2026-01-02T21:00,-0.9,4.9,307,1007.2,80
2026-01-02T22:00,-1.2,4.2,292,1007.3,81
2026-01-02T23:00,-1.5,3.2,259,1007.6,83
