recorded_hour,humidity,pressure,temperature,wind_sin,wind_cos,hour_sin,hour_cos,day_sin,day_cos,pressure_minus_3h,pressure_trend_3h
"2025-11-15 18:00:00",82,1001.6666666667,14.316666666667,0,0,-1,-1.836970198721E-16,-0.7142921172691,0.69984767714641,,
"2025-11-15 19:00:00",83,1001.8666666667,13.733333333333,0,0,-0.96592582628907,0.25881904510252,-0.7142921172691,0.69984767714641,,
"2025-11-15 20:00:00",83.833333333333,1002.05,13.466666666667,0,0,-0.86602540378444,0.5,-0.7142921172691,0.69984767714641,,
"2025-11-15 21:00:00",84,1002.1166666667,13.283333333333,0,0,-0.70710678118655,0.70710678118655,-0.7142921172691,0.69984767714641,1001.6666666667,0.45000000000005
"2025-11-15 22:00:00",84,1002.3166666667,13.116666666667,0,0,-0.5,0.86602540378444,-0.7142921172691,0.69984767714641,1001.8666666667,0.44999999999993
"2025-11-15 23:00:00",84,1002.1833333333,13.05,0,0,-0.25881904510252,0.96592582628907,-0.7142921172691,0.69984767714641,1002.05,0.13333333333333
"2025-11-16 00:00:00",84,1002.2833333333,13,0,0,0,1,-0.7021479494047,0.71203107877871,1002.1166666667,0.16666666666663
"2025-11-16 01:00:00",84,1002.0666666667,12.883333333333,0,0,0.25881904510252,0.96592582628907,-0.7021479494047,0.71203107877871,1002.3166666667,-0.25
"2025-11-16 02:00:00",83,1001.8833333333,12.8,0,0,0.5,0.86602540378444,-0.7021479494047,0.71203107877871,1002.1833333333,-0.30000000000007
"2025-11-16 03:00:00",83,1001.4833333333,12.716666666667,0,0,0.70710678118655,0.70710678118655,-0.7021479494047,0.71203107877871,1002.2833333333,-0.80000000000007
"2025-11-16 04:00:00",83,1001.3666666667,12.683333333333,0,0,0.86602540378444,0.5,-0.7021479494047,0.71203107877871,1002.0666666667,-0.69999999999982
"2025-11-16 05:00:00",83,1001.3,12.616666666667,0,0,0.96592582628907,0.25881904510252,-0.7021479494047,0.71203107877871,1001.8833333333,-0.58333333333326
"2025-11-16 06:00:00",83,1001.1833333333,12.6,0,0,1,6.1232339957368E-17,-0.7021479494047,0.71203107877871,1001.4833333333,-0.29999999999984
"2025-11-16 07:00:00",83,1001.2666666667,12.533333333333,0,0,0.96592582628907,-0.25881904510252,-0.7021479494047,0.71203107877871,1001.3666666667,-0.10000000000025
"2025-11-16 08:00:00",83,1001.25,12.55,0,0,0.86602540378444,-0.5,-0.7021479494047,0.71203107877871,1001.3,-0.050000000000068
"2025-11-16 09:00:00",83.333333333333,1001.3166666667,12.5,0,0,0.70710678118655,-0.70710678118655,-0.7021479494047,0.71203107877871,1001.1833333333,0.13333333333321
"2025-11-16 10:00:00",84,1001.05,12.5,0,0,0.5,-0.86602540378444,-0.7021479494047,0.71203107877871,1001.2666666667,-0.21666666666647
"2025-11-16 11:00:00",84,1001.1666666667,12.583333333333,0,0,0.25881904510252,-0.96592582628907,-0.7021479494047,0.71203107877871,1001.25,-0.083333333333371
"2025-11-16 12:00:00",84.5,1000.8833333333,12.7,0,0,1.2246467991474E-16,-1,-0.7021479494047,0.71203107877871,1001.3166666667,-0.43333333333339
"2025-11-16 13:00:00",85,1000.95,12.633333333333,0,0,-0.25881904510252,-0.96592582628907,-0.7021479494047,0.71203107877871,1001.05,-0.10000000000014
"2025-11-16 14:00:00",85,1000.7333333333,12.633333333333,0,0,-0.5,-0.86602540378444,-0.7021479494047,0.71203107877871,1001.1666666667,-0.43333333333317
"2025-11-16 15:00:00",84.5,1000.8,12.666666666667,0,0,-0.70710678118655,-0.70710678118655,-0.7021479494047,0.71203107877871,1000.8833333333,-0.083333333333371
"2025-11-16 16:00:00",83.5,1001.2166666667,12.583333333333,0,0,-0.86602540378444,-0.5,-0.7021479494047,0.71203107877871,1000.95,0.26666666666665
"2025-11-16 17:00:00",82.166666666667,1001.65,12.4,0,0,-0.96592582628907,-0.25881904510252,-0.7021479494047,0.71203107877871,1000.7333333333,0.91666666666652
"2025-11-16 18:00:00",80.833333333333,1001.9333333333,12.25,0,0,-1,-1.836970198721E-16,-0.7021479494047,0.71203107877871,1000.8,1.1333333333336
"2025-11-16 19:00:00",79.5,1002.2333333333,12.066666666667,0,0,-0.96592582628907,0.25881904510252,-0.7021479494047,0.71203107877871,1001.2166666667,1.0166666666669
"2025-11-16 20:00:00",78.166666666667,1002.4833333333,11.9,0,0,-0.86602540378444,0.5,-0.7021479494047,0.71203107877871,1001.65,0.83333333333326
"2025-11-16 21:00:00",77,1002.8833333333,11.75,0,0,-0.70710678118655,0.70710678118655,-0.7021479494047,0.71203107877871,1001.9333333333,0.94999999999993
"2025-11-16 22:00:00",76,1003.2,11.583333333333,0,0,-0.5,0.86602540378444,-0.7021479494047,0.71203107877871,1002.2333333333,0.96666666666647
"2025-11-16 23:00:00",74.833333333333,1003.5666666667,11.416666666667,0,0,-0.25881904510252,0.96592582628907,-0.7021479494047,0.71203107877871,1002.4833333333,1.0833333333335
"2025-11-17 00:00:00",74,1003.8333333333,11.266666666667,0,0,0,1,-0.68979600466559,0.72400377895933,1002.8833333333,0.94999999999982
"2025-11-17 01:00:00",72.333333333333,1004,11.116666666667,0,0,0.25881904510252,0.96592582628907,-0.68979600466559,0.72400377895933,1003.2,0.80000000000007
"2025-11-17 02:00:00",68.833333333333,1004.1333333333,10.833333333333,0,0,0.5,0.86602540378444,-0.68979600466559,0.72400377895933,1003.5666666667,0.56666666666649
"2025-11-17 03:00:00",63.666666666667,1004.15,10.333333333333,0,0,0.70710678118655,0.70710678118655,-0.68979600466559,0.72400377895933,1003.8333333333,0.31666666666683
"2025-11-17 04:00:00",59.666666666667,1004.1166666667,9.9,0,0,0.86602540378444,0.5,-0.68979600466559,0.72400377895933,1004,0.11666666666667
"2025-11-17 05:00:00",57.5,1004.5666666667,9.4833333333333,0,0,0.96592582628907,0.25881904510252,-0.68979600466559,0.72400377895933,1004.1333333333,0.43333333333339
"2025-11-17 06:00:00",59.333333333333,1005.2166666667,9.3,0,0,1,6.1232339957368E-17,-0.68979600466559,0.72400377895933,1004.15,1.0666666666667
"2025-11-17 07:00:00",60.666666666667,1005.6,9.3166666666667,0,0,0.96592582628907,-0.25881904510252,-0.68979600466559,0.72400377895933,1004.1166666667,1.4833333333333
"2025-11-17 08:00:00",62.666666666667,1006.25,9.35,0,0,0.86602540378444,-0.5,-0.68979600466559,0.72400377895933,1004.5666666667,1.6833333333334
"2025-11-17 09:00:00",66,1007.0333333333,9.5,0,0,0.70710678118655,-0.70710678118655,-0.68979600466559,0.72400377895933,1005.2166666667,1.8166666666666
"2025-11-17 10:00:00",68.666666666667,1007.6666666667,9.85,0,0,0.5,-0.86602540378444,-0.68979600466559,0.72400377895933,1005.6,2.0666666666665
"2025-11-17 11:00:00",69.666666666667,1008.2166666667,10.183333333333,0,0,0.25881904510252,-0.96592582628907,-0.68979600466559,0.72400377895933,1006.25,1.9666666666667
"2025-11-17 12:00:00",70.5,1008.6166666667,10.5,0,0,1.2246467991474E-16,-1,-0.68979600466559,0.72400377895933,1007.0333333333,1.5833333333334
"2025-11-17 13:00:00",70.5,1009.5666666667,10.833333333333,0,0,-0.25881904510252,-0.96592582628907,-0.68979600466559,0.72400377895933,1007.6666666667,1.9000000000002
"2025-11-17 14:00:00",68.166666666667,1010.45,10.783333333333,0,0,-0.5,-0.86602540378444,-0.68979600466559,0.72400377895933,1008.2166666667,2.2333333333332
"2025-11-17 15:00:00",68.5,1011.1,10.933333333333,0,0,-0.70710678118655,-0.70710678118655,-0.68979600466559,0.72400377895933,1008.6166666667,2.4833333333333
"2025-11-17 16:00:00",67,1011.8833333333,10.883333333333,0,0,-0.86602540378444,-0.5,-0.68979600466559,0.72400377895933,1009.5666666667,2.3166666666666
"2025-11-17 17:00:00",62.5,1012.85,10.366666666667,0,0,-0.96592582628907,-0.25881904510252,-0.68979600466559,0.72400377895933,1010.45,2.4
"2025-11-17 18:00:00",58.333333333333,1013.8833333333,9.7833333333333,0,0,-1,-1.836970198721E-16,-0.68979600466559,0.72400377895933,1011.1,2.7833333333333
"2025-11-17 19:00:00",56,1014.9833333333,9.25,0,0,-0.96592582628907,0.25881904510252,-0.68979600466559,0.72400377895933,1011.8833333333,3.0999999999999
"2025-11-17 20:00:00",55,1015.5833333333,8.8333333333333,0,0,-0.86602540378444,0.5,-0.68979600466559,0.72400377895933,1012.85,2.7333333333335
"2025-11-17 21:00:00",54,1015.8666666667,8.55,0,0,-0.70710678118655,0.70710678118655,-0.68979600466559,0.72400377895933,1013.8833333333,1.9833333333333
"2025-11-17 22:00:00",52.666666666667,1016.1833333333,8.1666666666667,0,0,-0.5,0.86602540378444,-0.68979600466559,0.72400377895933,1014.9833333333,1.2000000000002
"2025-11-17 23:00:00",51.833333333333,1016.5,7.95,0,0,-0.25881904510252,0.96592582628907,-0.68979600466559,0.72400377895933,1015.5833333333,0.91666666666663
"2025-11-18 00:00:00",50.666666666667,1016.7833333333,7.6833333333333,0,0,0,1,-0.67723993819095,0.73576223477365,1015.8666666667,0.91666666666674
"2025-11-18 01:00:00",50.5,1016.7333333333,7.4166666666667,0,0,0.25881904510252,0.96592582628907,-0.67723993819095,0.73576223477365,1016.1833333333,0.54999999999984
"2025-11-18 02:00:00",51,1016.2333333333,7.25,0,0,0.5,0.86602540378444,-0.67723993819095,0.73576223477365,1016.5,-0.26666666666677
"2025-11-18 03:00:00",51,1016.15,7.1166666666667,0,0,0.70710678118655,0.70710678118655,-0.67723993819095,0.73576223477365,1016.7833333333,-0.63333333333344
"2025-11-18 04:00:00",52,1016.0833333333,6.9833333333333,0,0,0.86602540378444,0.5,-0.67723993819095,0.73576223477365,1016.7333333333,-0.65000000000009
"2025-11-18 05:00:00",49.833333333333,1015.95,6.7833333333333,0,0,0.96592582628907,0.25881904510252,-0.67723993819095,0.73576223477365,1016.2333333333,-0.2833333333333
"2025-11-18 06:00:00",47.833333333333,1015.8666666667,6.5333333333333,0,0,1,6.1232339957368E-17,-0.67723993819095,0.73576223477365,1016.15,-0.2833333333333
"2025-11-18 07:00:00",47,1015.7,6.3666666666667,0,0,0.96592582628907,-0.25881904510252,-0.67723993819095,0.73576223477365,1016.0833333333,-0.38333333333321
"2025-11-18 08:00:00",47.666666666667,1015.7666666667,6.45,0,0,0.86602540378444,-0.5,-0.67723993819095,0.73576223477365,1015.95,-0.18333333333317
"2025-11-18 09:00:00",50.5,1015.6333333333,6.7833333333333,0,0,0.70710678118655,-0.70710678118655,-0.67723993819095,0.73576223477365,1015.8666666667,-0.23333333333346
"2025-11-18 10:00:00",53.333333333333,1015.4833333333,7.0833333333333,0,0,0.5,-0.86602540378444,-0.67723993819095,0.73576223477365,1015.7,-0.2166666666667
"2025-11-18 11:00:00",56.666666666667,1014.9166666667,7.3333333333333,0,0,0.25881904510252,-0.96592582628907,-0.67723993819095,0.73576223477365,1015.7666666667,-0.85000000000025
"2025-11-18 12:00:00",58.666666666667,1013.9333333333,7.6333333333333,0,0,1.2246467991474E-16,-1,-0.67723993819095,0.73576223477365,1015.6333333333,-1.6999999999998
"2025-11-18 13:00:00",60.5,1013.0333333333,7.8,0,0,-0.25881904510252,-0.96592582628907,-0.67723993819095,0.73576223477365,1015.4833333333,-2.4499999999999
"2025-11-18 14:00:00",62.166666666667,1011.9833333333,7.95,0,0,-0.5,-0.86602540378444,-0.67723993819095,0.73576223477365,1014.9166666667,-2.9333333333333
"2025-11-18 15:00:00",63.666666666667,1011.2666666667,8.0333333333333,0,0,-0.70710678118655,-0.70710678118655,-0.67723993819095,0.73576223477365,1013.9333333333,-2.6666666666666
"2025-11-18 16:00:00",64.666666666667,1010.5833333333,8.0333333333333,0,0,-0.86602540378444,-0.5,-0.67723993819095,0.73576223477365,1013.0333333333,-2.4499999999999
"2025-11-18 17:00:00",65,1010.0666666667,7.9833333333333,0,0,-0.96592582628907,-0.25881904510252,-0.67723993819095,0.73576223477365,1011.9833333333,-1.9166666666666
"2025-11-18 18:00:00",65.166666666667,1009.6333333333,7.9,0,0,-1,-1.836970198721E-16,-0.67723993819095,0.73576223477365,1011.2666666667,-1.6333333333336
"2025-11-18 19:00:00",66,1009.15,7.9,0,0,-0.96592582628907,0.25881904510252,-0.67723993819095,0.73576223477365,1010.5833333333,-1.4333333333334
"2025-11-18 20:00:00",66,1008.3833333333,7.9,0,0,-0.86602540378444,0.5,-0.67723993819095,0.73576223477365,1010.0666666667,-1.6833333333333
"2025-11-18 21:00:00",67,1007.8666666667,7.9,0,0,-0.70710678118655,0.70710678118655,-0.67723993819095,0.73576223477365,1009.6333333333,-1.7666666666665
"2025-11-18 22:00:00",67,1007.2166666667,7.8833333333333,0,0,-0.5,0.86602540378444,-0.67723993819095,0.73576223477365,1009.15,-1.9333333333333
"2025-11-18 23:00:00",67,1006.4333333333,7.9,0,0,-0.25881904510252,0.96592582628907,-0.67723993819095,0.73576223477365,1008.3833333333,-1.9499999999999
"2025-11-19 00:00:00",67,1005.55,7.8166666666667,0,0,0,1,-0.66448346552286,0.74730296670543,1007.8666666667,-2.3166666666666
"2025-11-19 01:00:00",67.333333333333,1004.7833333333,7.8,0,0,0.25881904510252,0.96592582628907,-0.66448346552286,0.74730296670543,1007.2166666667,-2.4333333333334
"2025-11-19 02:00:00",67,1004.1,7.75,0,0,0.5,0.86602540378444,-0.66448346552286,0.74730296670543,1006.4333333333,-2.3333333333335
"2025-11-19 03:00:00",66.5,1003.2666666667,7.6666666666667,0,0,0.70710678118655,0.70710678118655,-0.66448346552286,0.74730296670543,1005.55,-2.2833333333335
"2025-11-19 04:00:00",65.333333333333,1002.4,7.5666666666667,0,0,0.86602540378444,0.5,-0.66448346552286,0.74730296670543,1004.7833333333,-2.3833333333333
"2025-11-19 05:00:00",65.666666666667,1001.7333333333,7.5,0,0,0.96592582628907,0.25881904510252,-0.66448346552286,0.74730296670543,1004.1,-2.3666666666667
"2025-11-19 06:00:00",67,1001.0166666667,7.5166666666667,0,0,1,6.1232339957368E-17,-0.66448346552286,0.74730296670543,1003.2666666667,-2.2499999999998
"2025-11-19 07:00:00",68,1000.5166666667,7.5833333333333,0,0,0.96592582628907,-0.25881904510252,-0.66448346552286,0.74730296670543,1002.4,-1.8833333333334
"2025-11-19 08:00:00",69,999.9,7.65,0,0,0.86602540378444,-0.5,-0.66448346552286,0.74730296670543,1001.7333333333,-1.8333333333333
"2025-11-19 09:00:00",69.833333333333,999.31666666667,7.7,0,0,0.70710678118655,-0.70710678118655,-0.66448346552286,0.74730296670543,1001.0166666667,-1.7000000000002
"2025-11-19 10:00:00",70,998.63333333333,7.7,0,0,0.5,-0.86602540378444,-0.66448346552286,0.74730296670543,1000.5166666667,-1.8833333333333
"2025-11-19 11:00:00",70.833333333333,997.88333333333,7.7,0,0,0.25881904510252,-0.96592582628907,-0.66448346552286,0.74730296670543,999.9,-2.0166666666667
"2025-11-19 12:00:00",71.333333333333,996.98333333333,7.7666666666667,0,0,1.2246467991474E-16,-1,-0.66448346552286,0.74730296670543,999.31666666667,-2.3333333333334
"2025-11-19 13:00:00",72,995.93333333333,7.8166666666667,0,0,-0.25881904510252,-0.96592582628907,-0.66448346552286,0.74730296670543,998.63333333333,-2.6999999999999
"2025-11-19 14:00:00",73,995.21666666667,7.9166666666667,0,0,-0.5,-0.86602540378444,-0.66448346552286,0.74730296670543,997.88333333333,-2.6666666666665
"2025-11-19 15:00:00",73,994.95,8,0,0,-0.70710678118655,-0.70710678118655,-0.66448346552286,0.74730296670543,996.98333333333,-2.0333333333333
"2025-11-19 16:00:00",72.166666666667,994.65,8.05,0,0,-0.86602540378444,-0.5,-0.66448346552286,0.74730296670543,995.93333333333,-1.2833333333332
"2025-11-19 17:00:00",71.166666666667,994.75,8.0333333333333,0,0,-0.96592582628907,-0.25881904510252,-0.66448346552286,0.74730296670543,995.21666666667,-0.46666666666681
"2025-11-19 18:00:00",69.333333333333,995.18333333333,7.8833333333333,0,0,-1,-1.836970198721E-16,-0.66448346552286,0.74730296670543,994.95,0.23333333333346
"2025-11-19 19:00:00",69,995.55,7.7666666666667,0,0,-0.96592582628907,0.25881904510252,-0.66448346552286,0.74730296670543,994.65,0.89999999999998
"2025-11-19 20:00:00",68.833333333333,996.1,7.7,0,0,-0.86602540378444,0.5,-0.66448346552286,0.74730296670543,994.75,1.3499999999999
"2025-11-19 21:00:00",67,996.8,7.65,0,0,-0.70710678118655,0.70710678118655,-0.66448346552286,0.74730296670543,995.18333333333,1.6166666666667
"2025-11-19 22:00:00",67.333333333333,997.45,7.5166666666667,0,0,-0.5,0.86602540378444,-0.66448346552286,0.74730296670543,995.55,1.8999999999997
"2025-11-19 23:00:00",68,998,7.55,0,0,-0.25881904510252,0.96592582628907,-0.66448346552286,0.74730296670543,996.1,1.9
"2025-11-20 00:00:00",68,998.9,7.6,0,0,0,1,-0.6515303615068,0.75862255966641,996.8,2.1
"2025-11-20 01:00:00",68,999.61666666667,7.55,0,0,0.25881904510252,0.96592582628907,-0.6515303615068,0.75862255966641,997.45,2.1666666666669
"2025-11-20 02:00:00",68,1000.4,7.55,0,0,0.5,0.86602540378444,-0.6515303615068,0.75862255966641,998,2.4000000000001
"2025-11-20 03:00:00",68,1001.1333333333,7.5,0,0,0.70710678118655,0.70710678118655,-0.6515303615068,0.75862255966641,998.9,2.2333333333332
"2025-11-20 04:00:00",67.833333333333,1001.5833333333,7.5,0,0,0.86602540378444,0.5,-0.6515303615068,0.75862255966641,999.61666666667,1.9666666666667
"2025-11-20 05:00:00",67,1001.9666666667,7.4333333333333,0,0,0.96592582628907,0.25881904510252,-0.6515303615068,0.75862255966641,1000.4,1.5666666666667
"2025-11-20 06:00:00",66.666666666667,1002.3666666667,7.4166666666667,0,0,1,6.1232339957368E-17,-0.6515303615068,0.75862255966641,1001.1333333333,1.2333333333333
"2025-11-20 07:00:00",66,1002.8166666667,7.3166666666667,0,0,0.96592582628907,-0.25881904510252,-0.6515303615068,0.75862255966641,1001.5833333333,1.2333333333332
"2025-11-20 08:00:00",66,1003.2833333333,7.25,0,0,0.86602540378444,-0.5,-0.6515303615068,0.75862255966641,1001.9666666667,1.3166666666666
"2025-11-20 09:00:00",66,1003.7333333333,7.1833333333333,0,0,0.70710678118655,-0.70710678118655,-0.6515303615068,0.75862255966641,1002.3666666667,1.3666666666666
"2025-11-20 10:00:00",66.5,1004.1,7.2,0,0,0.5,-0.86602540378444,-0.6515303615068,0.75862255966641,1002.8166666667,1.2833333333333
"2025-11-20 11:00:00",67.666666666667,1004.3333333333,7.2666666666667,0,0,0.25881904510252,-0.96592582628907,-0.6515303615068,0.75862255966641,1003.2833333333,1.0500000000001
"2025-11-20 12:00:00",68.833333333333,1004.15,7.4,0,0,1.2246467991474E-16,-1,-0.6515303615068,0.75862255966641,1003.7333333333,0.41666666666674
"2025-11-20 13:00:00",69.166666666667,1004.2833333333,7.5,0,0,-0.25881904510252,-0.96592582628907,-0.6515303615068,0.75862255966641,1004.1,0.18333333333339
"2025-11-20 14:00:00",68.166666666667,1004.4333333333,7.5,0,0,-0.5,-0.86602540378444,-0.6515303615068,0.75862255966641,1004.3333333333,0.099999999999909
"2025-11-20 15:00:00",68,1004.7666666667,7.3666666666667,0,0,-0.70710678118655,-0.70710678118655,-0.6515303615068,0.75862255966641,1004.15,0.61666666666656
"2025-11-20 16:00:00",67,1005.3166666667,7.3666666666667,0,0,-0.86602540378444,-0.5,-0.6515303615068,0.75862255966641,1004.2833333333,1.0333333333333
"2025-11-20 17:00:00",66,1005.8333333333,7.25,0,0,-0.96592582628907,-0.25881904510252,-0.6515303615068,0.75862255966641,1004.4333333333,1.4000000000001
"2025-11-20 18:00:00",66,1006.2666666667,7.1666666666667,0,0,-1,-1.836970198721E-16,-0.6515303615068,0.75862255966641,1004.7666666667,1.5
"2025-11-20 19:00:00",66,1006.8666666667,7.1,0,0,-0.96592582628907,0.25881904510252,-0.6515303615068,0.75862255966641,1005.3166666667,1.5500000000002
"2025-11-20 20:00:00",65.5,1007.2666666667,7.05,0,0,-0.86602540378444,0.5,-0.6515303615068,0.75862255966641,1005.8333333333,1.4333333333332
"2025-11-20 21:00:00",64.5,1007.6833333333,6.9833333333333,0,0,-0.70710678118655,0.70710678118655,-0.6515303615068,0.75862255966641,1006.2666666667,1.4166666666669
"2025-11-20 22:00:00",60.666666666667,1008,6.75,0,0,-0.5,0.86602540378444,-0.6515303615068,0.75862255966641,1006.8666666667,1.1333333333332
"2025-11-20 23:00:00",60,1008.1166666667,6.5833333333333,0,0,-0.25881904510252,0.96592582628907,-0.6515303615068,0.75862255966641,1007.2666666667,0.85000000000014
"2025-11-21 00:00:00",61.5,1008.2333333333,6.6333333333333,0,0,0,1,-0.63838445917466,0.76971766400692,1007.6833333333,0.54999999999984
"2025-11-21 01:00:00",62.666666666667,1008.4666666667,6.8,0,0,0.25881904510252,0.96592582628907,-0.63838445917466,0.76971766400692,1008,0.4666666666667
"2025-11-21 02:00:00",63,1008.8333333333,6.8833333333333,0,0,0.5,0.86602540378444,-0.63838445917466,0.76971766400692,1008.1166666667,0.7166666666667
"2025-11-21 03:00:00",64,1008.8333333333,6.8833333333333,0,0,0.70710678118655,0.70710678118655,-0.63838445917466,0.76971766400692,1008.2333333333,0.59999999999991
"2025-11-21 04:00:00",64,1009.2333333333,6.8333333333333,0,0,0.86602540378444,0.5,-0.63838445917466,0.76971766400692,1008.4666666667,0.76666666666654
"2025-11-21 05:00:00",64,1009.65,6.8333333333333,0,0,0.96592582628907,0.25881904510252,-0.63838445917466,0.76971766400692,1008.8333333333,0.81666666666661
"2025-11-21 06:00:00",64.833333333333,1010.4666666667,6.8333333333333,0,0,1,6.1232339957368E-17,-0.63838445917466,0.76971766400692,1008.8333333333,1.6333333333336
"2025-11-21 07:00:00",65,1011.3166666667,6.85,0,0,0.96592582628907,-0.25881904510252,-0.63838445917466,0.76971766400692,1009.2333333333,2.0833333333335
"2025-11-21 08:00:00",65,1012.4666666667,6.8333333333333,0,0,0.86602540378444,-0.5,-0.63838445917466,0.76971766400692,1009.65,2.8166666666666
"2025-11-21 09:00:00",65,1013.4666666667,6.8,0,0,0.70710678118655,-0.70710678118655,-0.63838445917466,0.76971766400692,1010.4666666667,3
"2025-11-21 10:00:00",65.333333333333,1014.2833333333,6.8666666666667,0,0,0.5,-0.86602540378444,-0.63838445917466,0.76971766400692,1011.3166666667,2.9666666666666
"2025-11-21 11:00:00",67,1015.0666666667,6.9666666666667,0,0,0.25881904510252,-0.96592582628907,-0.63838445917466,0.76971766400692,1012.4666666667,2.6
"2025-11-21 12:00:00",68,1015.5833333333,7.1666666666667,0,0,1.2246467991474E-16,-1,-0.63838445917466,0.76971766400692,1013.4666666667,2.1166666666667
"2025-11-21 13:00:00",68.166666666667,1016.0333333333,7.5833333333333,0,0,-0.25881904510252,-0.96592582628907,-0.63838445917466,0.76971766400692,1014.2833333333,1.75
"2025-11-21 14:00:00",67.833333333333,1016.2166666667,7.9166666666667,0,0,-0.5,-0.86602540378444,-0.63838445917466,0.76971766400692,1015.0666666667,1.15
"2025-11-21 15:00:00",67,1016.8666666667,7.9166666666667,0,0,-0.70710678118655,-0.70710678118655,-0.63838445917466,0.76971766400692,1015.5833333333,1.2833333333334
"2025-11-21 16:00:00",66,1017.8333333333,7.7333333333333,0,0,-0.86602540378444,-0.5,-0.63838445917466,0.76971766400692,1016.0333333333,1.8000000000001
"2025-11-21 17:00:00",63.166666666667,1018.65,7.3333333333333,0,0,-0.96592582628907,-0.25881904510252,-0.63838445917466,0.76971766400692,1016.2166666667,2.4333333333334
"2025-11-21 18:00:00",60,1019.3,6.85,0,0,-1,-1.836970198721E-16,-0.63838445917466,0.76971766400692,1016.8666666667,2.4333333333333
"2025-11-21 19:00:00",57.166666666667,1019.95,6.5666666666667,0,0,-0.96592582628907,0.25881904510252,-0.63838445917466,0.76971766400692,1017.8333333333,2.1166666666666
"2025-11-21 20:00:00",56.166666666667,1020.3166666667,6.4833333333333,0,0,-0.86602540378444,0.5,-0.63838445917466,0.76971766400692,1018.65,1.6666666666666
"2025-11-21 21:00:00",54.5,1020.9166666667,6.5666666666667,0,0,-0.70710678118655,0.70710678118655,-0.63838445917466,0.76971766400692,1019.3,1.6166666666664
"2025-11-21 22:00:00",53,1021.35,6.7,0,0,-0.5,0.86602540378444,-0.63838445917466,0.76971766400692,1019.95,1.4000000000001
"2025-11-21 23:00:00",52,1021.2333333333,6.8,0,0,-0.25881904510252,0.96592582628907,-0.63838445917466,0.76971766400692,1020.3166666667,0.91666666666663
"2025-11-22 00:00:00",53.5,1021.5166666667,7,0,0,0,1,-0.62504964861044,0.78058499650709,1020.9166666667,0.60000000000025
"2025-11-22 01:00:00",54.833333333333,1021.25,7.1833333333333,0,0,0.25881904510252,0.96592582628907,-0.62504964861044,0.78058499650709,1021.35,-0.10000000000002
"2025-11-22 02:00:00",54.166666666667,1021.2166666667,7.2,0,0,0.5,0.86602540378444,-0.62504964861044,0.78058499650709,1021.2333333333,-0.016666666666538
"2025-11-22 03:00:00",53.5,1021.25,7.2,0,0,0.70710678118655,0.70710678118655,-0.62504964861044,0.78058499650709,1021.5166666667,-0.26666666666677
"2025-11-22 04:00:00",52.666666666667,1021.2333333333,7.1666666666667,0,0,0.86602540378444,0.5,-0.62504964861044,0.78058499650709,1021.25,-0.016666666666765
"2025-11-22 05:00:00",49.5,1021.2333333333,7.0666666666667,0,0,0.96592582628907,0.25881904510252,-0.62504964861044,0.78058499650709,1021.2166666667,0.016666666666765
"2025-11-22 06:00:00",46.833333333333,1021.2,6.85,0,0,1,6.1232339957368E-17,-0.62504964861044,0.78058499650709,1021.25,-0.050000000000068
"2025-11-22 07:00:00",45,1021.2833333333,6.7166666666667,0,0,0.96592582628907,-0.25881904510252,-0.62504964861044,0.78058499650709,1021.2333333333,0.050000000000068
"2025-11-22 08:00:00",44.666666666667,1021.65,6.6666666666667,0,0,0.86602540378444,-0.5,-0.62504964861044,0.78058499650709,1021.2333333333,0.41666666666663
"2025-11-22 09:00:00",68.333333333333,1021.4,0.76666666666667,0,0,0.70710678118655,-0.70710678118655,-0.62504964861044,0.78058499650709,1021.2,0.20000000000016
"2025-11-22 10:00:00",83.666666666667,1021.2666666667,-2.05,-1.1830113383176,0.55116742552022,0.5,-0.86602540378444,-0.62504964861044,0.78058499650709,1021.2833333333,-0.016666666666538
"2025-11-22 11:00:00",82.666666666667,1020.9,-0.63333333333333,-0.27095301418953,0.082838649671442,0.25881904510252,-0.96592582628907,-0.62504964861044,0.78058499650709,1021.65,-0.75
"2025-11-22 12:00:00",82.333333333333,1020.1,-2.3,1.280355968345,-2.3114845992768,1.2246467991474E-16,-1,-0.62504964861044,0.78058499650709,1021.4,-1.3000000000002
"2025-11-22 13:00:00",85.333333333333,1019.3833333333,-3.1166666666667,1.5629328941037,-4.3507236893222,-0.25881904510252,-0.96592582628907,-0.62504964861044,0.78058499650709,1021.2666666667,-1.8833333333334
"2025-11-22 14:00:00",85,1018.6666666667,-3.0666666666667,3.8069590048206,-4.6214531457775,-0.5,-0.86602540378444,-0.62504964861044,0.78058499650709,1020.9,-2.2333333333335
"2025-11-22 15:00:00",79.166666666667,1017.9666666667,-2.2,2.2068604118159,-5.2993298199,-0.70710678118655,-0.70710678118655,-0.62504964861044,0.78058499650709,1020.1,-2.1333333333332
"2025-11-22 16:00:00",80.5,1017.2333333333,-3.1166666666667,3.1783310213865,-5.7991877606774,-0.86602540378444,-0.5,-0.62504964861044,0.78058499650709,1019.3833333333,-2.1499999999999
"2025-11-22 17:00:00",84,1016.6333333333,-2.9,2.7071531965028,-3.7516126104877,-0.96592582628907,-0.25881904510252,-0.62504964861044,0.78058499650709,1018.6666666667,-2.0333333333333
"2025-11-22 18:00:00",87,1016.1666666667,-3.8,3.8803681298635,-3.6081664529217,-1,-1.836970198721E-16,-0.62504964861044,0.78058499650709,1017.9666666667,-1.8000000000001
"2025-11-22 19:00:00",88.333333333333,1015.7166666667,-4.2833333333333,2.761602388747,-2.8746850872058,-0.96592582628907,0.25881904510252,-0.62504964861044,0.78058499650709,1017.2333333333,-1.5166666666669
"2025-11-22 20:00:00",86,1015.1166666667,-5.45,4.2102236153028,-5.0291956680222,-0.86602540378444,0.5,-0.62504964861044,0.78058499650709,1016.6333333333,-1.5166666666667
"2025-11-22 21:00:00",86.5,1014.4166666667,-5.95,5.7539636203046,-6.2982094514551,-0.70710678118655,0.70710678118655,-0.62504964861044,0.78058499650709,1016.1666666667,-1.75
"2025-11-22 22:00:00",88.833333333333,1013.7666666667,-4.9666666666667,4.1928198436322,-4.1062193425235,-0.5,0.86602540378444,-0.62504964861044,0.78058499650709,1015.7166666667,-1.9499999999998
"2025-11-22 23:00:00",88.833333333333,1013.1333333333,-5.9333333333333,5.8666804333219,-3.740581751291,-0.25881904510252,0.96592582628907,-0.62504964861044,0.78058499650709,1015.1166666667,-1.9833333333335
"2025-11-23 00:00:00",88.166666666667,1012.25,-6.0166666666667,4.1271272287863,-3.2556018402565,0,1,-0.61152987579911,0.79122134134838,1014.4166666667,-2.1666666666666
"2025-11-23 01:00:00",88.333333333333,1011.5,-7.0666666666667,6.3223766773363,-3.8374917647013,0.25881904510252,0.96592582628907,-0.61152987579911,0.79122134134838,1013.7666666667,-2.2666666666668
"2025-11-23 02:00:00",86.833333333333,1010.6833333333,-7.5166666666667,6.2347033586243,-5.9607524589494,0.5,0.86602540378444,-0.61152987579911,0.79122134134838,1013.1333333333,-2.4499999999998
"2025-11-23 03:00:00",85.333333333333,1009.8333333333,-5.5833333333333,3.2429065127555,-4.0753008872637,0.70710678118655,0.70710678118655,-0.61152987579911,0.79122134134838,1012.25,-2.4166666666666
"2025-11-23 04:00:00",83.666666666667,1008.9,-5.7333333333333,5.1922857621412,-3.7555027325428,0.86602540378444,0.5,-0.61152987579911,0.79122134134838,1011.5,-2.6
"2025-11-23 05:00:00",76.166666666667,1008.1333333333,-5.3,4.8003155358006,-5.4180516948772,0.96592582628907,0.25881904510252,-0.61152987579911,0.79122134134838,1010.6833333333,-2.5500000000002
"2025-11-23 06:00:00",75,1007.45,-4.45,3.1640239321665,-3.6615871235766,1,6.1232339957368E-17,-0.61152987579911,0.79122134134838,1009.8333333333,-2.3833333333332
"2025-11-23 07:00:00",81.666666666667,1006.6833333333,-5.8666666666667,5.843380948881,-5.6025855870161,0.96592582628907,-0.25881904510252,-0.61152987579911,0.79122134134838,1008.9,-2.2166666666666
"2025-11-23 08:00:00",74.5,1005.9833333333,-5.2166666666667,4.7678190449968,-5.1693867868993,0.86602540378444,-0.5,-0.61152987579911,0.79122134134838,1008.1333333333,-2.15
"2025-11-23 09:00:00",72,1004.9333333333,-5.85,6.5118297955582,-6.9773063012254,0.70710678118655,-0.70710678118655,-0.61152987579911,0.79122134134838,1007.45,-2.5166666666668
"2025-11-23 10:00:00",72.833333333333,1004.1166666667,-4.7833333333333,2.8327558260731,-10.956569345055,0.5,-0.86602540378444,-0.61152987579911,0.79122134134838,1006.6833333333,-2.5666666666667
"2025-11-23 11:00:00",73.666666666667,1003.15,-4.9,0.33282266151295,-9.9155450000461,0.25881904510252,-0.96592582628907,-0.61152987579911,0.79122134134838,1005.9833333333,-2.8333333333333
"2025-11-23 12:00:00",76.666666666667,1002.0333333333,-3.3,2.412034409218,-10.280226017519,1.2246467991474E-16,-1,-0.61152987579911,0.79122134134838,1004.9333333333,-2.9000000000001
"2025-11-23 13:00:00",86.833333333333,1000.3,-4.4333333333333,6.9948238083576,-8.5392684286271,-0.25881904510252,-0.96592582628907,-0.61152987579911,0.79122134134838,1004.1166666667,-3.8166666666666
"2025-11-23 14:00:00",92,999.05,-3.95,4.7990812879945,-6.8658932463148,-0.5,-0.86602540378444,-0.61152987579911,0.79122134134838,1003.15,-4.0999999999999
"2025-11-23 15:00:00",93.166666666667,998.06666666667,-2.8833333333333,6.0712353654681,-6.6786739925991,-0.70710678118655,-0.70710678118655,-0.61152987579911,0.79122134134838,1002.0333333333,-3.9666666666667
"2025-11-23 16:00:00",93.833333333333,997.31666666667,-1.7666666666667,2.89532523864,-4.3205523666292,-0.86602540378444,-0.5,-0.61152987579911,0.79122134134838,1000.3,-2.9833333333335
"2025-11-23 17:00:00",94,996.7,-1.2666666666667,2.4032110957488,-3.554914580101,-0.96592582628907,-0.25881904510252,-0.61152987579911,0.79122134134838,999.05,-2.3499999999999
"2025-11-23 18:00:00",94.666666666667,996.06666666667,1.2833333333333,1.190342506403,-2.1660535638717,-1,-1.836970198721E-16,-0.61152987579911,0.79122134134838,998.06666666667,-2
"2025-11-23 19:00:00",95.166666666667,995.98333333333,2.15,1.1558353718183,-1.036635542461,-0.96592582628907,0.25881904510252,-0.61152987579911,0.79122134134838,997.31666666667,-1.3333333333334
"2025-11-23 20:00:00",96,995.58333333333,1.85,1.110538587502,-0.45492907056537,-0.86602540378444,0.5,-0.61152987579911,0.79122134134838,996.7,-1.1166666666668
"2025-11-23 21:00:00",96,995.36666666667,1.4666666666667,0.63509412902538,-0.31673312716215,-0.70710678118655,0.70710678118655,-0.61152987579911,0.79122134134838,996.06666666667,-0.69999999999982
"2025-11-23 22:00:00",96,994.75,1.4833333333333,-0.030835345529363,-0.055628435885265,-0.5,0.86602540378444,-0.61152987579911,0.79122134134838,995.98333333333,-1.2333333333331
"2025-11-23 23:00:00",96.333333333333,994.38333333333,1.6833333333333,0,0,-0.25881904510252,0.96592582628907,-0.61152987579911,0.79122134134838,995.58333333333,-1.2000000000002
"2025-11-24 00:00:00",97,994.18333333333,2.0166666666667,0.23094010767585,-0.13333333333333,0,1,-0.59782914145895,0.80162355106524,995.36666666667,-1.1833333333335
"2025-11-24 01:00:00",97,993.78333333333,1.8833333333333,0.15225757627377,-0.067789440512633,0.25881904510252,0.96592582628907,-0.59782914145895,0.80162355106524,994.75,-0.96666666666681
"2025-11-24 02:00:00",97,993.41666666667,1.95,0,0,0.5,0.86602540378444,-0.59782914145895,0.80162355106524,994.38333333333,-0.96666666666658
"2025-11-24 03:00:00",97,992.88333333333,3.4833333333333,-0.56356240737535,-1.0639637319324E-16,0.70710678118655,0.70710678118655,-0.59782914145895,0.80162355106524,994.18333333333,-1.3
"2025-11-24 04:00:00",97,992.3,4.7833333333333,-0.77918685408913,-1.0041212375425,0.86602540378444,0.5,-0.59782914145895,0.80162355106524,993.78333333333,-1.4833333333332
"2025-11-24 05:00:00",96.833333333333,991.83333333333,4.4666666666667,-0.95233935723153,-1.3549314121589,0.96592582628907,0.25881904510252,-0.59782914145895,0.80162355106524,993.41666666667,-1.5833333333333
"2025-11-24 06:00:00",96.666666666667,991.4,4,0.079671809013367,-2.3381587514686,1,6.1232339957368E-17,-0.59782914145895,0.80162355106524,992.88333333333,-1.4833333333333
"2025-11-24 07:00:00",96.166666666667,990.86666666667,4.4,0.84462452796037,-2.5781122024841,0.96592582628907,-0.25881904510252,-0.59782914145895,0.80162355106524,992.3,-1.4333333333333
"2025-11-24 08:00:00",95.833333333333,990.68333333333,3.8666666666667,-0.59058499187151,-2.9480626400569,0.86602540378444,-0.5,-0.59782914145895,0.80162355106524,991.83333333333,-1.15
"2025-11-24 09:00:00",95,990.36666666667,3.5666666666667,-1.4880006099603,-4.5631099063869,0.70710678118655,-0.70710678118655,-0.59782914145895,0.80162355106524,991.4,-1.0333333333332
"2025-11-24 10:00:00",94.166666666667,989.88333333333,4.0833333333333,-0.96343583935005,-3.5624754723658,0.5,-0.86602540378444,-0.59782914145895,0.80162355106524,990.86666666667,-0.98333333333346
"2025-11-24 11:00:00",92.833333333333,989.48333333333,3.2166666666667,-2.7904673547922,-6.7028242487832,0.25881904510252,-0.96592582628907,-0.59782914145895,0.80162355106524,990.68333333333,-1.2000000000002
"2025-11-24 12:00:00",91.333333333333,989.11666666667,4.0833333333333,-2.8849975027484,-4.3233297743097,1.2246467991474E-16,-1,-0.59782914145895,0.80162355106524,990.36666666667,-1.2500000000001
"2025-11-24 13:00:00",88.333333333333,988.73333333333,5.0833333333333,-2.0402601861106,-4.1364878862928,-0.25881904510252,-0.96592582628907,-0.59782914145895,0.80162355106524,989.88333333333,-1.1499999999999
"2025-11-24 14:00:00",86.5,988.51666666667,5.1166666666667,-1.9278534030317,-4.5869999795621,-0.5,-0.86602540378444,-0.59782914145895,0.80162355106524,989.48333333333,-0.96666666666647
"2025-11-24 15:00:00",85.166666666667,988.3,6.3833333333333,-0.069797122818061,-2.4046030500435,-0.70710678118655,-0.70710678118655,-0.59782914145895,0.80162355106524,989.11666666667,-0.81666666666661
"2025-11-24 16:00:00",85.333333333333,988.18333333333,6.2333333333333,1.5900494735294,-3.7582497090055,-0.86602540378444,-0.5,-0.59782914145895,0.80162355106524,988.73333333333,-0.55000000000007
"2025-11-24 17:00:00",86.5,988.25,5.5,2.2585948964626,-2.7132717792403,-0.96592582628907,-0.25881904510252,-0.59782914145895,0.80162355106524,988.51666666667,-0.26666666666665
"2025-11-24 18:00:00",87.666666666667,988.25,4.85,2.6435575687797,-4.2609805304816,-1,-1.836970198721E-16,-0.59782914145895,0.80162355106524,988.3,-0.050000000000068
"2025-11-24 19:00:00",88.666666666667,988.35,4.1833333333333,3.052166440475,-3.5923661871274,-0.96592582628907,0.25881904510252,-0.59782914145895,0.80162355106524,988.18333333333,0.16666666666652
"2025-11-24 20:00:00",90,988.75,5.2666666666667,1.4852079976008,-2.93053922893,-0.86602540378444,0.5,-0.59782914145895,0.80162355106524,988.25,0.49999999999989
"2025-11-24 21:00:00",92.5,988.96666666667,5.6,-0.10364477099444,-2.06336720721,-0.70710678118655,0.70710678118655,-0.59782914145895,0.80162355106524,988.25,0.7166666666667
"2025-11-24 22:00:00",94.666666666667,989.3,5.2666666666667,-1.0152250476528,-0.41308164737946,-0.5,0.86602540378444,-0.59782914145895,0.80162355106524,988.35,0.95000000000016
"2025-11-24 23:00:00",95.166666666667,989.71666666667,5.4,-0.34425848524224,-0.17540845943532,-0.25881904510252,0.96592582628907,-0.59782914145895,0.80162355106524,988.75,0.9666666666667
"2025-11-25 00:00:00",95.666666666667,990.13333333333,5.4,-0.59933255096412,-0.46636269166331,0,1,-0.5839514998577,0.81178854747646,988.96666666667,1.1666666666666
"2025-11-25 01:00:00",96,990.38333333333,5.3833333333333,-0.15225757627377,-0.067789440512633,0.25881904510252,0.96592582628907,-0.5839514998577,0.81178854747646,989.3,1.0833333333331
"2025-11-25 02:00:00",95.5,990.9,5.2,-0.0400692442526,0.3812333932245,0.5,0.86602540378444,-0.5839514998577,0.81178854747646,989.71666666667,1.1833333333334
"2025-11-25 03:00:00",93.5,991.65,4.6666666666667,-0.49922070598241,-0.48086831802741,0.70710678118655,0.70710678118655,-0.5839514998577,0.81178854747646,990.13333333333,1.5166666666667
"2025-11-25 04:00:00",94,992.18333333333,4.25,-0.7590922284516,-0.37590091481721,0.86602540378444,0.5,-0.5839514998577,0.81178854747646,990.38333333333,1.8000000000001
"2025-11-25 05:00:00",93.166666666667,993.16666666667,4.4833333333333,-0.53950047309467,-0.57839286952927,0.96592582628907,0.25881904510252,-0.5839514998577,0.81178854747646,990.9,2.2666666666665
"2025-11-25 06:00:00",93.166666666667,993.61666666667,4.3166666666667,-1.6078677866456,-0.10920680433791,1,6.1232339957368E-17,-0.5839514998577,0.81178854747646,991.65,1.9666666666667
"2025-11-25 07:00:00",92.666666666667,994.53333333333,3.8833333333333,-1.7620322273382,0.8498066609735,0.96592582628907,-0.25881904510252,-0.5839514998577,0.81178854747646,992.18333333333,2.35
"2025-11-25 08:00:00",93.333333333333,995.43333333333,4.5333333333333,-1.0080599203677,0.69412704269133,0.86602540378444,-0.5,-0.5839514998577,0.81178854747646,993.16666666667,2.2666666666667
"2025-11-25 09:00:00",93.666666666667,996.51666666667,4.5,-1.0313562921556,0.074257974670707,0.70710678118655,-0.70710678118655,-0.5839514998577,0.81178854747646,993.61666666667,2.8999999999999
"2025-11-25 10:00:00",92.666666666667,997.66666666667,4.8666666666667,0.1938703532655,-0.32082193688967,0.5,-0.86602540378444,-0.5839514998577,0.81178854747646,994.53333333333,3.1333333333333
"2025-11-25 11:00:00",89.333333333333,998.7,5.2833333333333,0.41458483514936,0.73537658268105,0.25881904510252,-0.96592582628907,-0.5839514998577,0.81178854747646,995.43333333333,3.2666666666667
"2025-11-25 12:00:00",88,999.05,5.1666666666667,0.084628294396176,0.93597824698489,1.2246467991474E-16,-1,-0.5839514998577,0.81178854747646,996.51666666667,2.5333333333335
"2025-11-25 13:00:00",87.5,999.68333333333,5.4666666666667,0.6768401101965,1.1973155114322,-0.25881904510252,-0.96592582628907,-0.5839514998577,0.81178854747646,997.66666666667,2.0166666666667
"2025-11-25 14:00:00",86.833333333333,1000.3,5.2,0.49630866576767,0.24466747306816,-0.5,-0.86602540378444,-0.5839514998577,0.81178854747646,998.7,1.6000000000001
"2025-11-25 15:00:00",89.666666666667,1001,4.9666666666667,-0.2174657952986,-0.3800461857983,-0.70710678118655,-0.70710678118655,-0.5839514998577,0.81178854747646,999.05,1.9499999999999
"2025-11-25 16:00:00",91.666666666667,1001.8166666667,4.9833333333333,0.050368185942668,-0.36097662877738,-0.86602540378444,-0.5,-0.5839514998577,0.81178854747646,999.68333333333,2.1333333333334
"2025-11-25 17:00:00",89.5,1002.9666666667,4.6166666666667,0.28804016209259,0.35841489548531,-0.96592582628907,-0.25881904510252,-0.5839514998577,0.81178854747646,1000.3,2.6666666666666
"2025-11-25 18:00:00",89.833333333333,1004.0666666667,4.6666666666667,0.040069244252601,-0.0020999401088286,-1,-1.836970198721E-16,-0.5839514998577,0.81178854747646,1001,3.0666666666667
"2025-11-25 19:00:00",89.333333333333,1004.95,3.9333333333333,-1.3668951724841,-0.51958926686332,-0.96592582628907,0.25881904510252,-0.5839514998577,0.81178854747646,1001.8166666667,3.1333333333334
"2025-11-25 20:00:00",89.5,1005.65,4.7166666666667,-0.29447085919157,-0.8286643372952,-0.86602540378444,0.5,-0.5839514998577,0.81178854747646,1002.9666666667,2.6833333333333
"2025-11-25 21:00:00",90,1006.35,4.5666666666667,0.23061996009869,0.12262157703483,-0.70710678118655,0.70710678118655,-0.5839514998577,0.81178854747646,1004.0666666667,2.2833333333333
"2025-11-25 22:00:00",89.833333333333,1006.8333333333,4.2,-0.59534405791376,0.097054797666291,-0.5,0.86602540378444,-0.5839514998577,0.81178854747646,1004.95,1.8833333333332
"2025-11-25 23:00:00",90.666666666667,1007.3,4.1833333333333,-0.29321202430011,-0.090872577688915,-0.25881904510252,0.96592582628907,-0.5839514998577,0.81178854747646,1005.65,1.6499999999999
"2025-11-26 00:00:00",91.166666666667,1007.9,4.1833333333333,-0.020036857148941,-0.24284804716351,0,1,-0.56990105761276,0.82171332259606,1006.35,1.5500000000001
"2025-11-26 01:00:00",91,1008.2166666667,4.0333333333333,-0.00082251725982034,-0.81048661582148,0.25881904510252,0.96592582628907,-0.56990105761276,0.82171332259606,1006.8333333333,1.3833333333332
"2025-11-26 02:00:00",91.166666666667,1008.6166666667,3.8333333333333,-0.22797410977615,-0.60094296013794,0.5,0.86602540378444,-0.56990105761276,0.82171332259606,1007.3,1.3166666666668
"2025-11-26 03:00:00",92.166666666667,1009.0333333333,3.8833333333333,-0.50245000170343,-0.22370515369169,0.70710678118655,0.70710678118655,-0.56990105761276,0.82171332259606,1007.9,1.1333333333332
"2025-11-26 05:00:00",93,1009.8,3.9833333333333,-0.30827258223836,-0.45368361756242,0.96592582628907,0.25881904510252,-0.56990105761276,0.82171332259606,1008.6166666667,1.1833333333334
"2025-11-26 06:00:00",93.5,1010.45,4,-0.21102230924411,-0.60759113709786,1,6.1232339957368E-17,-0.56990105761276,0.82171332259606,1009.0333333333,1.4166666666669
"2025-11-26 07:00:00",94,1010.9833333333,3.7666666666667,0.17800566479165,-0.90690818339031,0.96592582628907,-0.25881904510252,-0.56990105761276,0.82171332259606,,
"2025-11-26 08:00:00",93.166666666667,1011.6833333333,4.2666666666667,0.23318243008115,-0.18341975686588,0.86602540378444,-0.5,-0.56990105761276,0.82171332259606,1009.8,1.8833333333333
"2025-11-26 09:00:00",91.5,1012.6666666667,4.4666666666667,0.031286893008046,-0.19753766811903,0.70710678118655,-0.70710678118655,-0.56990105761276,0.82171332259606,1010.45,2.2166666666665
"2025-11-26 10:00:00",90,1013.6,4.2166666666667,0.5375475776696,1.3310428790729,0.5,-0.86602540378444,-0.56990105761276,0.82171332259606,1010.9833333333,2.6166666666664
"2025-11-26 11:00:00",89,1014.0333333333,5.0333333333333,0.81513341964998,1.0239763542501,0.25881904510252,-0.96592582628907,-0.56990105761276,0.82171332259606,1011.6833333333,2.3499999999999
"2025-11-26 12:00:00",87.833333333333,1014.2,5.3333333333333,0,0.16666666666667,1.2246467991474E-16,-1,-0.56990105761276,0.82171332259606,1012.6666666667,1.5333333333333
"2025-11-26 13:00:00",83.166666666667,1014.2166666667,5.4333333333333,0.14695793241395,0.75003736330257,-0.25881904510252,-0.96592582628907,-0.56990105761276,0.82171332259606,1013.6,0.61666666666679
"2025-11-26 14:00:00",79.5,1014.2666666667,5.6666666666667,0.19937001409247,0.069946433693395,-0.5,-0.86602540378444,-0.56990105761276,0.82171332259606,1014.0333333333,0.23333333333323
"2025-11-26 15:00:00",79.833333333333,1014.25,5.65,-0.13382612127177,0.14862896509548,-0.70710678118655,-0.70710678118655,-0.56990105761276,0.82171332259606,1014.2,0.049999999999955
"2025-11-26 16:00:00",84.5,1014.8666666667,5.1333333333333,-0.15958476974942,0.10289508647662,-0.86602540378444,-0.5,-0.56990105761276,0.82171332259606,1014.2166666667,0.64999999999998
"2025-11-26 17:00:00",90.5,1015.5,3.5333333333333,-0.36557104574032,0.020905692653531,-0.96592582628907,-0.25881904510252,-0.56990105761276,0.82171332259606,1014.2666666667,1.2333333333335
"2025-11-26 18:00:00",91.666666666667,1016.0166666667,2.3,0.050522090579366,0.48068558276133,-1,-1.836970198721E-16,-0.56990105761276,0.82171332259606,1014.25,1.7666666666669
"2025-11-26 19:00:00",95,1016.2666666667,0.71666666666667,0,0,-0.96592582628907,0.25881904510252,-0.56990105761276,0.82171332259606,1014.8666666667,1.4000000000001
"2025-11-26 20:00:00",96,1016.7,-0.23333333333333,0,0,-0.86602540378444,0.5,-0.56990105761276,0.82171332259606,1015.5,1.1999999999999
"2025-11-26 21:00:00",96.333333333333,1016.9,-0.86666666666667,0,0,-0.70710678118655,0.70710678118655,-0.56990105761276,0.82171332259606,1016.0166666667,0.88333333333321
"2025-11-26 22:00:00",97,1016.8166666667,-0.63333333333333,0,0,-0.5,0.86602540378444,-0.56990105761276,0.82171332259606,1016.2666666667,0.54999999999984
"2025-11-26 23:00:00",97,1016.9166666667,-0.5,0.18958700513501,-0.21055770055193,-0.25881904510252,0.96592582628907,-0.56990105761276,0.82171332259606,1016.7,0.2166666666667
"2025-11-27 00:00:00",96.5,1017.0166666667,-0.5,0,0,0,1,-0.55568197247605,0.83139493952341,1016.9,0.11666666666679
"2025-11-27 01:00:00",96.333333333333,1016.45,-0.66666666666667,1.0297872294915,-0.80606529764903,0.25881904510252,0.96592582628907,-0.55568197247605,0.83139493952341,1016.8166666667,-0.36666666666645
"2025-11-27 02:00:00",96,1016.3,0.05,0.27424137786507,-0.15833333333333,0.5,0.86602540378444,-0.55568197247605,0.83139493952341,1016.9166666667,-0.61666666666656
"2025-11-27 03:00:00",96,1016.0833333333,0.41666666666667,0.14862896509548,-0.13382612127177,0.70710678118655,0.70710678118655,-0.55568197247605,0.83139493952341,1017.0166666667,-0.93333333333339
"2025-11-27 04:00:00",96,1015.8333333333,0.51666666666667,1.2911044918707,-1.3575954789297,0.86602540378444,0.5,-0.55568197247605,0.83139493952341,1016.45,-0.61666666666679
"2025-11-27 05:00:00",96,1015.7,-0.066666666666667,1.8017565015461,-2.0048176366334,0.96592582628907,0.25881904510252,-0.55568197247605,0.83139493952341,1016.3,-0.59999999999991
"2025-11-27 06:00:00",96.166666666667,1015.3333333333,1.1666666666667,1.3339704223755,-0.63936770768393,1,6.1232339957368E-17,-0.55568197247605,0.83139493952341,1016.0833333333,-0.75
"2025-11-27 07:00:00",96,1015.5166666667,-0.28333333333333,3.064841325319,-2.9887484579525,0.96592582628907,-0.25881904510252,-0.55568197247605,0.83139493952341,1015.8333333333,-0.31666666666661
"2025-11-27 08:00:00",96.666666666667,1015.6666666667,-0.36666666666667,1.4100636443208,-3.140091845532,0.86602540378444,-0.5,-0.55568197247605,0.83139493952341,1015.7,-0.03333333333353
"2025-11-27 09:00:00",96.333333333333,1015.7833333333,-0.78333333333333,2.4988605912464,-3.5753957051219,0.70710678118655,-0.70710678118655,-0.55568197247605,0.83139493952341,1015.3333333333,0.45000000000005
"2025-11-27 10:00:00",95.166666666667,1015.75,-0.96666666666667,2.856722255707,-5.4916093105548,0.5,-0.86602540378444,-0.55568197247605,0.83139493952341,1015.5166666667,0.23333333333323
"2025-11-27 11:00:00",94.666666666667,1015.8166666667,-0.033333333333333,3.290684206501,-4.5402687217009,0.25881904510252,-0.96592582628907,-0.55568197247605,0.83139493952341,1015.6666666667,0.14999999999998
"2025-11-27 12:00:00",95,1015.35,0.46666666666667,0.68544838393911,-4.6301315984532,1.2246467991474E-16,-1,-0.55568197247605,0.83139493952341,1015.7833333333,-0.43333333333351
"2025-11-27 13:00:00",95.166666666667,1014.7666666667,0.78333333333333,1.8949007316786,-4.666110647392,-0.25881904510252,-0.96592582628907,-0.55568197247605,0.83139493952341,1015.75,-0.98333333333323
"2025-11-27 14:00:00",95.166666666667,1014.4,1.1666666666667,-0.48597512553217,-4.8370834965884,-0.5,-0.86602540378444,-0.55568197247605,0.83139493952341,1015.8166666667,-1.4166666666666
"2025-11-27 15:00:00",95.833333333333,1014.3833333333,1.5166666666667,1.5715053242133,-3.3830131978138,-0.70710678118655,-0.70710678118655,-0.55568197247605,0.83139493952341,1015.35,-0.9666666666667
"2025-11-27 16:00:00",96,1014.3833333333,1.5833333333333,2.2742311881886,-3.0956416154594,-0.86602540378444,-0.5,-0.55568197247605,0.83139493952341,1014.7666666667,-0.38333333333355
"2025-11-27 17:00:00",96,1014.3833333333,2.5666666666667,1.3785186843706,-3.819241546037,-0.96592582628907,-0.25881904510252,-0.55568197247605,0.83139493952341,1014.4,-0.016666666666765
"2025-11-27 18:00:00",96.666666666667,1014.5,2.5333333333333,1.7251877885173,-3.307807524912,-1,-1.836970198721E-16,-0.55568197247605,0.83139493952341,1014.3833333333,0.11666666666679
"2025-11-27 19:00:00",97,1014.7833333333,3.3666666666667,1.6142540970754,-3.597107154096,-0.96592582628907,0.25881904510252,-0.55568197247605,0.83139493952341,1014.3833333333,0.4000000000002
"2025-11-27 20:00:00",97,1014.7333333333,3.1333333333333,1.8458606898035,-3.4657140083431,-0.86602540378444,0.5,-0.55568197247605,0.83139493952341,1014.3833333333,0.35000000000002
"2025-11-27 21:00:00",97,1014.6166666667,2.8166666666667,1.4169479010682,-3.8101901492053,-0.70710678118655,0.70710678118655,-0.55568197247605,0.83139493952341,1014.5,0.11666666666679
"2025-11-27 22:00:00",97,1014.3666666667,3.1,0.97440204044268,-4.1975649644455,-0.5,0.86602540378444,-0.55568197247605,0.83139493952341,1014.7833333333,-0.41666666666674
"2025-11-27 23:00:00",97,1014.35,3.25,1.4382478629843,-2.5305239055863,-0.25881904510252,0.96592582628907,-0.55568197247605,0.83139493952341,1014.7333333333,-0.38333333333321
"2025-11-28 00:00:00",96.333333333333,1014.2,3.6166666666667,1.1908121831413,-3.6345209117812,0,1,-0.54129845210362,0.84083053331229,1014.6166666667,-0.41666666666686
"2025-11-28 01:00:00",96.666666666667,1013.6,4.4166666666667,1.4628910286902,-2.7398755149373,0.25881904510252,0.96592582628907,-0.54129845210362,0.84083053331229,1014.3666666667,-0.76666666666677
"2025-11-28 02:00:00",97,1013.3,3.9666666666667,1.7853297496111,-2.94663690023,0.5,0.86602540378444,-0.54129845210362,0.84083053331229,1014.35,-1.05
"2025-11-28 03:00:00",97.166666666667,1013.05,4.25,1.0646857452851,-3.0607112097365,0.70710678118655,0.70710678118655,-0.54129845210362,0.84083053331229,1014.2,-1.1500000000001
"2025-11-28 04:00:00",98,1012.7333333333,4.2166666666667,1.2990503804068,-3.2762028928268,0.86602540378444,0.5,-0.54129845210362,0.84083053331229,1013.6,-0.86666666666667
"2025-11-28 05:00:00",97.833333333333,1012.55,3.9833333333333,2.1615083162101,-2.9567436668154,0.96592582628907,0.25881904510252,-0.54129845210362,0.84083053331229,1013.3,-0.75
"2025-11-28 06:00:00",97,1012.2333333333,4.1166666666667,2.3497356310907,-3.0903207320537,1,6.1232339957368E-17,-0.54129845210362,0.84083053331229,1013.05,-0.81666666666661
"2025-11-28 07:00:00",97,1012.1666666667,3.7666666666667,2.6447918585199,-3.840547487709,0.96592582628907,-0.25881904510252,-0.54129845210362,0.84083053331229,1012.7333333333,-0.56666666666661
"2025-11-28 08:00:00",96.166666666667,1011.9166666667,4.1833333333333,3.0033233956401,-2.8839194401149,0.86602540378444,-0.5,-0.54129845210362,0.84083053331229,1012.55,-0.63333333333344
"2025-11-28 09:00:00",96.666666666667,1011.85,4.5666666666667,2.783248068191,-2.3086470225882,0.70710678118655,-0.70710678118655,-0.54129845210362,0.84083053331229,1012.2333333333,-0.38333333333321
"2025-11-28 10:00:00",96.833333333333,1011.7333333333,4.05,2.9111640078308,-3.1269109264812,0.5,-0.86602540378444,-0.54129845210362,0.84083053331229,1012.1666666667,-0.43333333333339
"2025-11-28 11:00:00",96.666666666667,1011.3666666667,4.7,2.9743420052064,-4.0301711394404,0.25881904510252,-0.96592582628907,-0.54129845210362,0.84083053331229,1011.9166666667,-0.54999999999995
"2025-11-28 12:00:00",97,1010.65,4.9833333333333,2.6122386816428,-3.4165111860787,1.2246467991474E-16,-1,-0.54129845210362,0.84083053331229,1011.85,-1.1999999999999
"2025-11-28 13:00:00",97,1009.8166666667,5.05,1.0954967456693,-4.2993931374108,-0.25881904510252,-0.96592582628907,-0.54129845210362,0.84083053331229,1011.7333333333,-1.9166666666665
"2025-11-28 14:00:00",97,1009.1333333333,5.1666666666667,2.1572708717422,-4.1185635777726,-0.5,-0.86602540378444,-0.54129845210362,0.84083053331229,1011.3666666667,-2.2333333333333
"2025-11-28 15:00:00",96.5,1008.9833333333,6.4666666666667,1.7781055769897,-2.2932068574799,-0.70710678118655,-0.70710678118655,-0.54129845210362,0.84083053331229,1010.65,-1.6666666666666
"2025-11-28 16:00:00",96.666666666667,1008.6333333333,6,3.0104320442248,-2.7550021840966,-0.86602540378444,-0.5,-0.54129845210362,0.84083053331229,1009.8166666667,-1.1833333333335
"2025-11-28 17:00:00",97,1008.75,6.9333333333333,1.7130552826097,-2.2880652615659,-0.96592582628907,-0.25881904510252,-0.54129845210362,0.84083053331229,1009.1333333333,-0.38333333333333
"2025-11-28 18:00:00",97,1009,7.6833333333333,0.74296642806552,-0.67707773805001,-1,-1.836970198721E-16,-0.54129845210362,0.84083053331229,1008.9833333333,0.016666666666538
"2025-11-28 19:00:00",97,1009.0833333333,8.1,1.0000867771321,-0.54136789430629,-0.96592582628907,0.25881904510252,-0.54129845210362,0.84083053331229,1008.6333333333,0.45000000000016
"2025-11-28 20:00:00",97.166666666667,1008.8833333333,8.0333333333333,0.90137100478454,-0.64241359012982,-0.86602540378444,0.5,-0.54129845210362,0.84083053331229,1008.75,0.13333333333333
"2025-11-28 21:00:00",98,1008.9333333333,8.3333333333333,-0.15621876644439,-0.4546759317047,-0.70710678118655,0.70710678118655,-0.54129845210362,0.84083053331229,1009,-0.06666666666672
"2025-11-28 22:00:00",97.333333333333,1008.8166666667,8.2,-0.24743414954217,-0.38274754893978,-0.5,0.86602540378444,-0.54129845210362,0.84083053331229,1009.0833333333,-0.26666666666677
"2025-11-28 23:00:00",96.166666666667,1008.8166666667,8,-0.56651717338258,-0.7373115332285,-0.25881904510252,0.96592582628907,-0.54129845210362,0.84083053331229,1008.8833333333,-0.06666666666672
"2025-11-29 00:00:00",96.5,1008.3666666667,7.35,0.18958700513501,0.21055770055193,0,1,-0.52675475281055,0.8500173118187,1008.9333333333,-0.56666666666661
"2025-11-29 01:00:00",95.333333333333,1008.0666666667,7.6833333333333,-0.41438412307011,0.043553526361522,0.25881904510252,0.96592582628907,-0.52675475281055,0.8500173118187,1008.8166666667,-0.75
"2025-11-29 02:00:00",95.666666666667,1007.8,7.3333333333333,0.52505945245911,-1.1881705281849,0.5,0.86602540378444,-0.52675475281055,0.8500173118187,1008.8166666667,-1.0166666666665
"2025-11-29 03:00:00",95.833333333333,1007.4666666667,7.3833333333333,0.41529767822227,-1.5874918551859,0.70710678118655,0.70710678118655,-0.52675475281055,0.8500173118187,1008.3666666667,-0.89999999999998
"2025-11-29 04:00:00",94.166666666667,1006.9166666667,6.8333333333333,0.21156472726032,-2.5296970561277,0.86602540378444,0.5,-0.52675475281055,0.8500173118187,1008.0666666667,-1.15
"2025-11-29 05:00:00",94.333333333333,1006.7666666667,6.6833333333333,1.4818134971507,-3.0338188762675,0.96592582628907,0.25881904510252,-0.52675475281055,0.8500173118187,1007.8,-1.0333333333335
"2025-11-29 06:00:00",94,1006.3833333333,7.1833333333333,0.9663654294487,-2.1500818980923,1,6.1232339957368E-17,-0.52675475281055,0.8500173118187,1007.4666666667,-1.0833333333334
"2025-11-29 07:00:00",93.833333333333,1005.7833333333,6.5666666666667,0.063795174764902,-2.8493581632272,0.96592582628907,-0.25881904510252,-0.52675475281055,0.8500173118187,1006.9166666667,-1.1333333333333
"2025-11-29 08:00:00",94.333333333333,1005.65,5.8333333333333,1.1665563035105,-3.5788775619953,0.86602540378444,-0.5,-0.52675475281055,0.8500173118187,1006.7666666667,-1.1166666666664
"2025-11-29 09:00:00",96.166666666667,1005.0333333333,4.6666666666667,3.4560449134172,-5.5705981363978,0.70710678118655,-0.70710678118655,-0.52675475281055,0.8500173118187,1006.3833333333,-1.35
"2025-11-29 10:00:00",95.833333333333,1004.8,5.5666666666667,0.27109823490123,-4.8054370377888,0.5,-0.86602540378444,-0.52675475281055,0.8500173118187,1005.7833333333,-0.98333333333323
"2025-11-29 11:00:00",95.833333333333,1004.3333333333,5.8833333333333,0.12567257246141,-6.1588301573147,0.25881904510252,-0.96592582628907,-0.52675475281055,0.8500173118187,1005.65,-1.3166666666669
"2025-11-29 12:00:00",96.333333333333,1003.3166666667,7.0666666666667,1.4088526792722,-5.0046982578441,1.2246467991474E-16,-1,-0.52675475281055,0.8500173118187,1005.0333333333,-1.7166666666667
"2025-11-29 13:00:00",96.166666666667,1002.5333333333,7.8666666666667,2.0479624591033,-5.1799768000067,-0.25881904510252,-0.96592582628907,-0.52675475281055,0.8500173118187,1004.8,-2.2666666666668
"2025-11-29 14:00:00",96,1001.6833333333,7.5166666666667,1.1806060820775,-6.9930705870151,-0.5,-0.86602540378444,-0.52675475281055,0.8500173118187,1004.3333333333,-2.6499999999999
"2025-11-29 15:00:00",94.166666666667,1001.2,8.0833333333333,-2.232073856622,-5.5520090538162,-0.70710678118655,-0.70710678118655,-0.52675475281055,0.8500173118187,1003.3166666667,-2.1166666666667
"2025-11-29 16:00:00",93.333333333333,1000.9333333333,8.3833333333333,0.6147913863854,-5.5867165706641,-0.86602540378444,-0.5,-0.52675475281055,0.8500173118187,1002.5333333333,-1.6
"2025-11-29 17:00:00",93,1000.6833333333,8.3,3.2904284730484,-6.8441037163809,-0.96592582628907,-0.25881904510252,-0.52675475281055,0.8500173118187,1001.6833333333,-0.99999999999989
"2025-11-29 18:00:00",93.166666666667,1000.4666666667,7.9833333333333,1.7678859865052,-5.3469800362948,-1,-1.836970198721E-16,-0.52675475281055,0.8500173118187,1001.2,-0.73333333333323
"2025-11-29 19:00:00",94.333333333333,1000.2666666667,8.1,1.7446311783146,-5.9393168120885,-0.96592582628907,0.25881904510252,-0.52675475281055,0.8500173118187,1000.9333333333,-0.66666666666674
"2025-11-29 20:00:00",95.166666666667,1000.1,7.7166666666667,2.9080634081539,-6.3379464300552,-0.86602540378444,0.5,-0.52675475281055,0.8500173118187,1000.6833333333,-0.58333333333348
"2025-11-29 21:00:00",94.666666666667,1000.0666666667,8.6166666666667,-0.98887895314729,-4.5232513711478,-0.70710678118655,0.70710678118655,-0.52675475281055,0.8500173118187,1000.4666666667,-0.39999999999998
"2025-11-29 22:00:00",93.666666666667,1000.2333333333,8.55,-2.2050084895074,-4.3096100152781,-0.5,0.86602540378444,-0.52675475281055,0.8500173118187,1000.2666666667,-0.033333333333076
"2025-11-29 23:00:00",93.166666666667,1001.0333333333,7.9,-0.24491052178853,0.33709041432289,-0.25881904510252,0.96592582628907,-0.52675475281055,0.8500173118187,1000.1,0.93333333333351
"2025-11-30 00:00:00",96.5,1001.6333333333,7.4666666666667,0,0,0,1,-0.51205517831146,0.85895255652708,1000.0666666667,1.5666666666666
"2025-11-30 01:00:00",96.5,1001.75,7.4,0,0,0.25881904510252,0.96592582628907,-0.51205517831146,0.85895255652708,1000.2333333333,1.5166666666665
"2025-11-30 02:00:00",96.166666666667,1002.1,7.5666666666667,0.040069244252601,-0.3812333932245,0.5,0.86602540378444,-0.51205517831146,0.85895255652708,1001.0333333333,1.0666666666665
"2025-11-30 03:00:00",94.833333333333,1002.4666666667,7.2833333333333,-0.97998473871425,-0.43138187055186,0.70710678118655,0.70710678118655,-0.51205517831146,0.85895255652708,1001.6333333333,0.83333333333337
"2025-11-30 04:00:00",94,1002.75,6.8666666666667,-1.0996233044815,-0.24764956932309,0.86602540378444,0.5,-0.51205517831146,0.85895255652708,1001.75,1
"2025-11-30 05:00:00",94.666666666667,1003.1166666667,6.2,-0.82140063102954,-0.46472611702277,0.96592582628907,0.25881904510252,-0.51205517831146,0.85895255652708,1002.1,1.0166666666668
"2025-11-30 06:00:00",95,1003.6833333333,6.2166666666667,-1.2341504245692,-0.35720649441204,1,6.1232339957368E-17,-0.51205517831146,0.85895255652708,1002.4666666667,1.2166666666666
"2025-11-30 07:00:00",95.166666666667,1004.0833333333,6.2666666666667,-0.68668629631466,-0.92111064487193,0.96592582628907,-0.25881904510252,-0.51205517831146,0.85895255652708,1002.75,1.3333333333334
"2025-11-30 08:00:00",93.833333333333,1004.8333333333,5.5166666666667,-2.5556528658684,-0.65959931912428,0.86602540378444,-0.5,-0.51205517831146,0.85895255652708,1003.1166666667,1.7166666666667
"2025-11-30 09:00:00",93.833333333333,1005.55,5.7,-2.3620990757745,0.15959545953072,0.70710678118655,-0.70710678118655,-0.51205517831146,0.85895255652708,1003.6833333333,1.8666666666668
"2025-11-30 10:00:00",94.166666666667,1006.3,5.9166666666667,-1.5623385464026,0.56246988957092,0.5,-0.86602540378444,-0.51205517831146,0.85895255652708,1004.0833333333,2.2166666666667
"2025-11-30 11:00:00",90,1006.75,5.9166666666667,-1.2103466735857,0.01424816877257,0.25881904510252,-0.96592582628907,-0.51205517831146,0.85895255652708,1004.8333333333,1.9166666666665
"2025-11-30 12:00:00",87.5,1007,5.5333333333333,-2.0841483308789,-0.20940359911456,1.2246467991474E-16,-1,-0.51205517831146,0.85895255652708,1005.55,1.4499999999999
"2025-11-30 13:00:00",82.666666666667,1007.3,4.7,-6.1815583533382,-1.6716903184304,-0.25881904510252,-0.96592582628907,-0.51205517831146,0.85895255652708,1006.3,1
"2025-11-30 14:00:00",76.166666666667,1007.6833333333,5.4666666666667,-3.6550178604589,0.13621165480611,-0.5,-0.86602540378444,-0.51205517831146,0.85895255652708,1006.75,0.93333333333339
"2025-11-30 15:00:00",74.166666666667,1008.5333333333,4.8,-4.9101770431114,-0.17996798045332,-0.70710678118655,-0.70710678118655,-0.51205517831146,0.85895255652708,1007,1.5333333333333
"2025-11-30 16:00:00",82.5,1009.5666666667,3.8666666666667,-1.5840521219433,0.046515649431922,-0.86602540378444,-0.5,-0.51205517831146,0.85895255652708,1007.3,2.2666666666665
"2025-11-30 17:00:00",92.833333333333,1010.1,1.6833333333333,0.083333333333333,0.14433756729741,-0.96592582628907,-0.25881904510252,-0.51205517831146,0.85895255652708,1007.6833333333,2.4166666666666
"2025-11-30 18:00:00",95.166666666667,1010.6,0.51666666666667,-0.018601726331767,-0.26601708006929,-1,-1.836970198721E-16,-0.51205517831146,0.85895255652708,1008.5333333333,2.0666666666666
"2025-11-30 19:00:00",96.166666666667,1011.15,-0.31666666666667,0.16575364922805,-0.017421410544609,-0.96592582628907,0.25881904510252,-0.51205517831146,0.85895255652708,1009.5666666667,1.5833333333334
"2025-11-30 20:00:00",96.833333333333,1011.7333333333,-0.8,0,0,-0.86602540378444,0.5,-0.51205517831146,0.85895255652708,1010.1,1.6333333333333
"2025-11-30 21:00:00",97,1012.2833333333,-0.98333333333333,0,0,-0.70710678118655,0.70710678118655,-0.51205517831146,0.85895255652708,1010.6,1.6833333333334
"2025-11-30 22:00:00",97,1012.6333333333,-1.2833333333333,0,0,-0.5,0.86602540378444,-0.51205517831146,0.85895255652708,1011.15,1.4833333333333
"2025-11-30 23:00:00",97,1013.0166666667,-1.4833333333333,0,0,-0.25881904510252,0.96592582628907,-0.51205517831146,0.85895255652708,1011.7333333333,1.2833333333335
"2026-01-01 00:00:00",96.833333333333,1014.25,0.033333333333333,-0.32245486799526,-0.57941390716923,0,1,0.017201575418261,0.99985204195577,,
"2026-01-01 01:00:00",95.833333333333,1013.2333333333,0.41666666666667,-0.82654597056519,-0.59820224212437,0.25881904510252,0.96592582628907,0.017201575418261,0.99985204195577,,
"2026-01-01 02:00:00",95,1012.45,0.13333333333333,-0.77205581726712,-1.1649343565,0.5,0.86602540378444,0.017201575418261,0.99985204195577,,
"2026-01-01 03:00:00",95,1011.7833333333,0.36666666666667,-0.52645900882916,-0.50891588259094,0.70710678118655,0.70710678118655,0.017201575418261,0.99985204195577,1014.25,-2.4666666666666
"2026-01-01 04:00:00",94.333333333333,1011.0333333333,0.43333333333333,-0.16575364922805,0.017421410544609,0.86602540378444,0.5,0.017201575418261,0.99985204195577,1013.2333333333,-2.1999999999999
"2026-01-01 05:00:00",94,1010.25,0.58333333333333,-0.11321175054197,-0.55500294167131,0.96592582628907,0.25881904510252,0.017201575418261,0.99985204195577,1012.45,-2.1999999999999
"2026-01-01 06:00:00",92.833333333333,1009,-0.6,-1.6650061557759,-2.2360921558135,1,6.1232339957368E-17,0.017201575418261,0.99985204195577,1011.7833333333,-2.7833333333333
"2026-01-01 07:00:00",92.666666666667,1007.8333333333,-1.2166666666667,-2.1734566732725,-2.2911488978308,0.96592582628907,-0.25881904510252,0.017201575418261,0.99985204195577,1011.0333333333,-3.1999999999999
"2026-01-01 08:00:00",91.666666666667,1007.0833333333,-1.75,-1.804138287171,-4.1320022991697,0.86602540378444,-0.5,0.017201575418261,0.99985204195577,1010.25,-3.1666666666666
"2026-01-01 09:00:00",91.333333333333,1006.45,-2.4,-3.5986573684473,-3.37431042073,0.70710678118655,-0.70710678118655,0.017201575418261,0.99985204195577,1009,-2.5500000000001
"2026-01-01 10:00:00",93.833333333333,1006.05,-1.3166666666667,-3.0951162132245,-1.8454065250302,0.5,-0.86602540378444,0.017201575418261,0.99985204195577,1007.8333333333,-1.7833333333333
"2026-01-01 11:00:00",95.333333333333,1005.5833333333,-2.6166666666667,-3.4284738125801,-2.5884490438447,0.25881904510252,-0.96592582628907,0.017201575418261,0.99985204195577,1007.0833333333,-1.5
"2026-01-01 12:00:00",94.666666666667,1004.5,-2.5666666666667,-3.6155124415842,-3.379404944684,1.2246467991474E-16,-1,0.017201575418261,0.99985204195577,1006.45,-1.9499999999999
"2026-01-01 13:00:00",94,1003,-2.85,-3.8526168125314,-3.6529500967691,-0.25881904510252,-0.96592582628907,0.017201575418261,0.99985204195577,1006.05,-3.0500000000001
"2026-01-01 14:00:00",93.333333333333,1002.35,-0.88333333333333,-1.6575415000991,-3.6454612597183,-0.5,-0.86602540378444,0.017201575418261,0.99985204195577,1005.5833333333,-3.2333333333333
"2026-01-01 15:00:00",92.833333333333,1001.5166666667,0.41666666666667,-1.5939369477577,-1.567274765258,-0.70710678118655,-0.70710678118655,0.017201575418261,0.99985204195577,1004.5,-2.9833333333335
"2026-01-01 16:00:00",93,1000.9333333333,-1.1666666666667,-3.1177155967608,-3.9749262886935,-0.86602540378444,-0.5,0.017201575418261,0.99985204195577,1003,-2.0666666666666
"2026-01-01 17:00:00",94.333333333333,1000.5333333333,-1.25,-2.0624499443861,-2.7169983367047,-0.96592582628907,-0.25881904510252,0.017201575418261,0.99985204195577,1002.35,-1.8166666666667
"2026-01-01 18:00:00",95,1000.1166666667,-0.76666666666667,-2.7492168703467,-2.0778299688649,-1,-1.836970198721E-16,0.017201575418261,0.99985204195577,1001.5166666667,-1.3999999999999
"2026-01-01 19:00:00",95.166666666667,999.91666666667,-0.7,-3.1892020331769,-1.7761688795484,-0.96592582628907,0.25881904510252,0.017201575418261,0.99985204195577,1000.9333333333,-1.0166666666668
"2026-01-01 20:00:00",95.666666666667,999.56666666667,-0.066666666666667,-2.103790940262,-1.7155938877997,-0.86602540378444,0.5,0.017201575418261,0.99985204195577,1000.5333333333,-0.9666666666667
"2026-01-01 21:00:00",94.166666666667,999.43333333333,-0.8,-6.4101375503224,-1.6505879753941,-0.70710678118655,0.70710678118655,0.017201575418261,0.99985204195577,1000.1166666667,-0.68333333333328
"2026-01-01 22:00:00",93.666666666667,999.03333333333,-0.45,-5.1553807406902,-2.2916317756725,-0.5,0.86602540378444,0.017201575418261,0.99985204195577,999.91666666667,-0.88333333333344
"2026-01-01 23:00:00",93.333333333333,998.75,-0.56666666666667,-5.9022061525299,-1.19925415503,-0.25881904510252,0.96592582628907,0.017201575418261,0.99985204195577,999.56666666667,-0.81666666666649
"2026-01-02 00:00:00",94.833333333333,998.61666666667,0.05,-5.4821597769048,-1.1616706638432,0,1,0.034398060613608,0.99940821160626,999.43333333333,-0.81666666666695
"2026-01-02 01:00:00",94.5,998.1,-1.1833333333333,-6.9442170144516,-1.6301918476348,0.25881904510252,0.96592582628907,0.034398060613608,0.99940821160626,999.03333333333,-0.93333333333317
"2026-01-02 02:00:00",91.5,997.96666666667,-0.9,-8.1024123981578,-0.13682857831955,0.5,0.86602540378444,0.034398060613608,0.99940821160626,998.75,-0.78333333333342
"2026-01-02 03:00:00",91,997.68333333333,-1.7666666666667,-8.0071735873563,-0.26322189554751,0.70710678118655,0.70710678118655,0.034398060613608,0.99940821160626,998.61666666667,-0.93333333333305
"2026-01-02 04:00:00",88.666666666667,997.56666666667,-0.93333333333333,-7.8767984472445,-1.122298191491,0.86602540378444,0.5,0.034398060613608,0.99940821160626,998.1,-0.53333333333342
"2026-01-02 05:00:00",88.5,997.21666666667,-1.4833333333333,-5.1539314347229,1.2859268414213,0.96592582628907,0.25881904510252,0.034398060613608,0.99940821160626,997.96666666667,-0.75000000000011
"2026-01-02 06:00:00",87.333333333333,997.56666666667,-0.41666666666667,-6.235448468033,-1.1997929800077,1,6.1232339957368E-17,0.034398060613608,0.99940821160626,997.68333333333,-0.11666666666667
"2026-01-02 07:00:00",89.333333333333,997.45,-2.5333333333333,-7.6184901984168,0.99201182573007,0.96592582628907,-0.25881904510252,0.034398060613608,0.99940821160626,997.56666666667,-0.11666666666645
"2026-01-02 08:00:00",90.333333333333,997.38333333333,-2.0833333333333,-6.0066984506707,-0.73432497068878,0.86602540378444,-0.5,0.034398060613608,0.99940821160626,997.21666666667,0.16666666666674
"2026-01-02 09:00:00",90.166666666667,997.63333333333,-0.95,-4.1327592181603,-0.62735625370438,0.70710678118655,-0.70710678118655,0.034398060613608,0.99940821160626,997.56666666667,0.066666666666492
"2026-01-02 10:00:00",92.666666666667,997.68333333333,-1.7666666666667,-4.5212711698543,-1.1066352892867,0.5,-0.86602540378444,0.034398060613608,0.99940821160626,997.45,0.23333333333312
"2026-01-02 11:00:00",93.833333333333,997.65,-1.9833333333333,-4.6831598200972,-1.4617913857777,0.25881904510252,-0.96592582628907,0.034398060613608,0.99940821160626,997.38333333333,0.26666666666665
"2026-01-02 12:00:00",93.166666666667,997.21666666667,-1.5166666666667,-4.9533588440542,-1.3234577001793,1.2246467991474E-16,-1,0.034398060613608,0.99940821160626,997.63333333333,-0.41666666666652
"2026-01-02 13:00:00",92.666666666667,996.85,-2.0666666666667,-4.5436295120334,-0.28701373421518,-0.25881904510252,-0.96592582628907,0.034398060613608,0.99940821160626,997.68333333333,-0.83333333333337
"2026-01-02 14:00:00",89.833333333333,996.78333333333,-2.3833333333333,-6.7010432851038,-0.99614465523556,-0.5,-0.86602540378444,0.034398060613608,0.99940821160626,997.65,-0.86666666666656
